name,country,id,height,ranking_B,events_B,rounds_B,semis_B,finals_B,gold_B,silver_B,bronze_B,tops,zones,top_attempts,zone_attempts,boulders_attempted,top_rate,ranking_per_event_B
Kilian Fischhuber,AUT,1204,,32477.5,48,128,43,37,15,6,9,410,502,683,726,560,0.7321428571428571,676.6145833333334
Dmitrii Sharafutdinov,RUS,53,,31592.5,58,140,47,35,11,8,3,429,554,839,984,618,0.6941747572815534,544.698275862069
Rustam Gelmanov,RUS,60,,30305.98,65,153,52,36,6,6,7,446,587,825,975,677,0.6587887740029542,466.2458461538462
Aleksey Rubtsov,RUS,79,178.0,25862.66,57,133,50,26,3,1,10,359,516,795,1021,589,0.6095076400679117,453.73087719298246
Tomoa Narasaki,JPN,2276,170.0,25393.0,45,109,38,26,6,15,3,324,433,669,748,481,0.6735966735966736,564.2888888888889
Sean Mccoll,CAN,1559,169.0,25285.14,70,143,50,23,2,6,6,395,541,731,898,642,0.6152647975077882,361.21628571428573
Kokoro Fujii,JPN,2272,176.0,24896.0,53,126,47,26,6,1,3,374,498,865,992,557,0.6714542190305206,469.7358490566038
Jan Hojer,GER,3422,188.0,24628.16,61,127,45,21,6,4,3,358,499,743,912,569,0.6291739894551845,403.74032786885243
Jernej Kruder,SLO,1124,179.0,24461.16,86,153,52,15,3,4,1,382,613,718,1057,698,0.5472779369627507,284.4320930232558
Guillaume Glairon Mondet,FRA,436,,24440.989999999998,57,129,50,22,3,5,1,346,493,610,814,573,0.6038394415357766,428.789298245614
Jongwon Chon,KOR,2052,177.0,21837.5,44,107,39,24,5,2,3,317,411,622,776,472,0.6716101694915254,496.3068181818182
Tsukuru Hori,JPN,2255,,21258.82,68,131,48,15,1,2,2,350,508,686,962,592,0.5912162162162162,312.62970588235294
Jakob Schubert,AUT,1214,176.0,19856.99,50,105,36,19,3,2,5,312,417,611,766,470,0.6638297872340425,397.13980000000004
Rei Sugimoto,JPN,2257,172.0,19099.5,49,108,44,15,2,1,2,297,422,721,854,481,0.6174636174636174,389.7857142857143
Yoshiyuki Ogata,JPN,2309,172.0,16815.66,42,88,31,15,3,3,4,260,356,605,694,394,0.6598984771573604,400.37285714285713
Gabriele Moroni,ITA,849,,13604.66,40,79,29,10,1,3,0,215,313,430,544,356,0.6039325842696629,340.1165
Jorg Verhoeven,NED,3577,,12408.5,44,82,30,8,0,1,5,200,305,406,558,372,0.5376344086021505,282.0113636363636
Jeremy Bonder,FRA,470,,10914.82,41,77,27,9,0,0,1,191,285,407,554,349,0.5472779369627507,266.2151219512195
Klemen Becan,SLO,4716,,10860.16,40,74,26,8,0,2,0,167,270,332,481,336,0.49702380952380953,271.504
Jonas Baumann,GER,2822,,10351.07,46,77,27,4,1,0,1,164,290,280,449,354,0.4632768361581921,225.0232608695652
Thomas Caleyron,FRA,441,,9089.0,33,61,24,4,0,0,0,156,229,275,358,277,0.5631768953068592,275.42424242424244
Tomoaki Takata,JPN,2291,175.0,8329.0,34,60,22,4,0,0,1,136,243,341,553,274,0.49635036496350365,244.97058823529412
Mickael Mawem,FRA,523,179.0,7826.25,36,61,21,4,0,0,0,137,232,264,403,280,0.48928571428571427,217.39583333333334
Alban Levier,FRA,486,,7784.98,33,57,20,4,1,0,1,150,224,294,380,261,0.5747126436781609,235.90848484848485
Anze Peharc,SLO,1138,177.0,7489.66,27,51,18,6,0,1,1,127,198,301,404,231,0.5497835497835498,277.3948148148148
Martin Stranik,CZE,1361,178.0,7361.24,42,62,17,3,0,2,0,139,230,323,507,290,0.4793103448275862,175.26761904761904
Mykhaylo Shalagin,UKR,4776,,7327.5,29,53,17,7,0,0,1,120,195,240,336,241,0.4979253112033195,252.67241379310346
Loïc Gaidioz,FRA,4773,,7327.0,27,53,22,4,0,0,0,113,196,200,313,239,0.47280334728033474,271.3703703703704
Keita Watabe,JPN,2265,173.0,6979.99,30,48,13,5,1,0,2,120,183,237,305,222,0.5405405405405406,232.6663333333333
Lukas Ennemoser,AUT,1212,,6955.66,35,55,17,3,0,0,1,134,211,254,389,255,0.5254901960784314,198.73314285714287
Gregor Vezonik,SLO,1131,176.0,6935.66,36,56,16,4,1,0,2,124,213,302,428,260,0.47692307692307695,192.65722222222223
Cédric Lachat,SUI,3129,,6734.0,16,35,14,5,0,2,0,103,144,218,280,156,0.6602564102564102,420.875
Daniel Woods,USA,1707,,6713.5,15,34,13,6,1,2,1,99,132,181,223,151,0.6556291390728477,447.56666666666666
David Barrans,GBR,634,,6323.15,52,71,16,3,0,0,0,154,270,318,507,336,0.4583333333333333,121.59903846153846
Rolands Rugens,LAT,4150,,6192.01,41,59,16,2,0,0,0,127,213,287,446,277,0.4584837545126354,151.02463414634147
Stefan Danker,GER,3353,,6034.33,32,50,16,2,0,0,0,119,193,224,368,232,0.5129310344827587,188.5728125
Stewart Watson,GBR,4774,,6008.0,24,42,14,4,0,0,0,106,165,179,271,192,0.5520833333333334,250.33333333333334
Nathaniel Coleman,USA,1778,182.0,6003.0,22,40,14,4,0,2,0,103,154,214,271,182,0.5659340659340659,272.8636363636364
Michael Piccolruaz,ITA,857,178.0,5833.49,46,64,16,2,0,1,0,138,248,275,533,302,0.45695364238410596,126.815
Stéphan Julien,FRA,9191,,5688.82,28,44,12,4,1,0,1,98,164,164,256,204,0.4803921568627451,203.17214285714286
Yuji Inoue,JPN,2348,,5364.99,27,44,16,1,0,0,0,113,168,344,395,203,0.5566502463054187,198.70333333333332
Alex Khazanov,ISR,3983,,5063.5,44,58,13,1,1,0,0,123,218,317,560,276,0.44565217391304346,115.07954545454545
Yannick Flohé,GER,3131,178.0,5060.0,20,37,14,3,1,0,0,97,141,240,303,168,0.5773809523809523,253.0
James Kassay,AUS,2482,,5053.5599999999995,24,40,13,3,0,0,0,105,150,237,279,184,0.5706521739130435,210.56499999999997
Nicky De Leeuw,NED,3579,,4720.32,38,50,11,1,0,0,0,104,192,222,343,238,0.4369747899159664,124.21894736842104
Kai Harada,JPN,2332,169.0,4707.16,20,34,11,3,0,1,0,86,132,178,249,156,0.5512820512820513,235.358
David Lama,AUT,1213,,4605.0,8,19,7,4,2,0,2,54,76,73,100,84,0.6428571428571429,575.625
Sean Bailey,USA,1741,163.0,4507.49,22,33,9,2,1,1,0,82,131,204,292,154,0.5324675324675324,204.88590909090908
Taisei Ishimatsu,JPN,2337,,4409.16,16,30,12,2,0,0,1,77,122,162,256,136,0.5661764705882353,275.5725
Thomas Tauporn,GER,3124,,4322.41,12,25,9,4,0,1,1,80,99,217,200,112,0.7142857142857143,360.2008333333333
Meichi Narasaki,JPN,2307,188.0,4234.66,15,28,10,3,0,1,0,77,110,172,192,127,0.6062992125984252,282.31066666666663
Mejdi Schalck,FRA,11675,172.0,4214.0,10,21,8,3,1,1,1,54,81,128,169,94,0.574468085106383,421.4
Andrzej Mecherzynski-Wiktor,POL,2833,,4129.4,30,41,10,1,0,0,0,103,167,225,342,194,0.5309278350515464,137.64666666666665
Sergii Topishko,UKR,1472,,4098.16,32,44,11,1,0,0,0,99,162,230,301,208,0.47596153846153844,128.0675
Alexander Megos,GER,2574,175.0,4086.5,17,29,12,0,0,0,0,79,120,229,251,133,0.5939849624060151,240.38235294117646
Lucas Preti,ITA,4778,,4058.16,20,32,11,1,0,0,0,74,126,165,267,148,0.5,202.908
Wouter Jongeneelen,NED,3576,,3942.0,31,44,11,2,0,0,0,73,159,111,251,207,0.3526570048309179,127.16129032258064
Francois Kaiser,FRA,4781,,3910.33,18,28,8,2,0,0,1,68,112,113,182,130,0.5230769230769231,217.24055555555555
Mathias Conrad,GER,3890,,3820.13,31,42,11,0,0,0,0,90,155,156,286,199,0.45226130653266333,123.23
Vadim Timonov,RUS,67,,3597.0,23,35,10,2,0,0,0,75,135,178,302,163,0.4601226993865031,156.3913043478261
Tyler Landman,GBR,631,,3470.3199999999997,23,36,11,2,0,0,0,70,133,175,297,167,0.41916167664670656,150.88347826086957
Nathan Phillips,GBR,646,,3416.5,38,49,11,0,0,0,0,97,184,199,360,234,0.41452991452991456,89.90789473684211
Edward Feehally,GBR,4818,,3324.66,22,33,8,3,0,0,0,72,120,156,240,154,0.4675324675324675,151.1209090909091
Matthias Müller,SUI,4726,,3199.0,13,24,9,2,0,0,0,43,83,82,140,109,0.3944954128440367,246.07692307692307
Gholamali Baratzadeh,IRI,3460,,3132.66,24,32,8,0,0,0,0,76,130,181,299,152,0.5,130.5275
Remo Sommer,SUI,4775,,3123.33,25,34,9,0,0,0,0,72,124,128,185,161,0.4472049689440994,124.9332
Keita Dohi,JPN,2334,,3062.83,18,27,7,2,0,0,0,66,107,154,200,126,0.5238095238095238,170.15722222222223
Nicolai Uznik,AUT,1256,173.0,3056.5,13,23,8,2,0,0,0,52,89,123,203,105,0.49523809523809526,235.1153846153846
Maximillian Milne,GBR,688,166.0,2999.0,9,18,7,2,0,1,0,46,68,105,149,81,0.5679012345679012,333.22222222222223
Stefan Scarperi,ITA,850,,2896.58,36,43,7,0,0,0,0,89,158,230,355,208,0.42788461538461536,80.46055555555556
Christian Core,ITA,4463,,2891.0,17,25,7,1,0,0,1,50,89,93,186,117,0.42735042735042733,170.05882352941177
David Firnenburg,GER,3111,,2817.5,16,25,7,2,0,0,0,61,92,126,157,116,0.5258620689655172,176.09375
Rei Kawamata,JPN,2385,172.0,2691.16,8,17,6,3,0,0,1,50,70,126,153,76,0.6578947368421053,336.395
Mauricio Huerta,MEX,5820,,2659.07,20,28,8,0,0,0,0,58,98,152,238,132,0.4393939393939394,132.95350000000002
Gérome Pouvreau,FRA,432,,2494.5,10,17,5,2,0,0,0,39,62,66,99,78,0.5,249.45
Makoto Yamauchi,JPN,2280,,2389.25,18,25,7,0,0,0,0,55,92,138,184,118,0.4661016949152542,132.73611111111111
Simon Lorenzi,BEL,318,168.0,2198.0,18,24,5,1,0,0,0,57,92,163,196,114,0.5,122.11111111111111
Paul Robinson,USA,4839,,2175.0,4,11,4,3,0,0,1,28,44,48,64,48,0.5833333333333334,543.75
Dohyun Lee,KOR,2101,174.0,2128.5,5,11,4,2,0,1,0,27,46,65,110,49,0.5510204081632653,425.7
Christopher Webb-Parsons,AUS,4844,,2127.5,19,25,5,1,0,0,0,57,94,127,192,119,0.4789915966386555,111.97368421052632
Casper Ten Sijthoff,NED,4585,,2108.25,17,23,6,0,0,0,0,40,89,77,150,109,0.3669724770642202,124.01470588235294
Benjamin Blaser,SUI,3779,,2062.7400000000002,44,50,6,0,0,0,0,90,174,212,398,244,0.36885245901639346,46.88045454545455
Ludovic Laurence,FRA,4471,,1961.5,10,15,5,0,0,0,0,29,53,57,93,70,0.4142857142857143,196.15
Atsushi Shimizu,JPN,2260,,1928.0,18,24,5,1,0,0,0,43,86,91,178,114,0.37719298245614036,107.11111111111111
Ignacio Sanchez González,ESP,4803,,1877.98,24,29,5,0,0,0,0,56,111,110,221,140,0.4,78.24916666666667
Carlo Traversi,USA,1709,,1840.5,11,18,7,0,0,0,0,36,72,83,144,83,0.43373493975903615,167.3181818181818
Keita Mogaki,JPN,2249,,1807.1599999999999,13,20,7,0,0,0,0,35,64,59,100,93,0.3763440860215054,139.01230769230767
Alfons Dornauer,AUT,1255,,1793.32,28,32,4,0,0,0,0,67,122,151,266,156,0.42948717948717946,64.04714285714286
Domen Skofic,SLO,1129,177.0,1786.58,20,26,6,0,0,0,0,61,97,145,210,124,0.49193548387096775,89.329
Jason Holowach,CAN,1558,,1723.1599999999999,20,26,5,1,0,0,0,46,90,114,199,124,0.3709677419354839,86.15799999999999
Paul Jenft,FRA,547,186.0,1709.5,5,10,3,2,0,0,0,25,43,67,113,45,0.5555555555555556,341.9
Thomas Farrell,AUS,2480,,1691.5,12,18,6,0,0,0,0,48,74,104,143,84,0.5714285714285714,140.95833333333334
Markus Hoppe,GER,4777,,1625.5,13,19,6,0,0,0,0,35,64,70,99,89,0.39325842696629215,125.03846153846153
Sascha Lehmann,SUI,4299,164.0,1623.9899999999998,16,21,4,1,0,0,0,41,76,116,179,100,0.41,101.49937499999999
Sachi Amma,JPN,2254,,1621.5,6,12,4,2,0,0,0,22,37,45,74,54,0.4074074074074074,270.25
Ryuichi Murai,JPN,2266,,1605.0,10,17,6,1,0,0,0,39,58,107,112,78,0.5,160.5
Nicolas Collin,BEL,320,179.0,1584.0,17,22,4,1,0,0,0,40,83,115,230,105,0.38095238095238093,93.17647058823529
Anthony Gullsten,FIN,2798,180.0,1571.33,15,20,5,0,0,0,0,46,82,97,173,95,0.4842105263157895,104.75533333333333
Baptiste Ometz,SUI,4300,,1560.66,18,23,5,0,0,0,0,43,88,107,205,110,0.39090909090909093,86.70333333333333
Michele Caminati,ITA,4780,,1547.6599999999999,11,16,5,0,0,0,0,30,56,48,88,75,0.4,140.69636363636363
Yufei Pan,CHN,2947,173.0,1546.08,20,23,3,0,0,0,0,45,88,131,265,112,0.4017857142857143,77.304
Alexander Averdunk,GER,2017,,1530.5,15,18,3,0,0,0,0,34,74,98,207,87,0.39080459770114945,102.03333333333333
Victor Kozlov,RUS,4866,,1501.5,5,9,3,1,0,0,1,22,35,38,53,41,0.5365853658536586,300.3
Hamish Mcarthur,GBR,696,181.0,1478.5,6,11,5,0,0,0,0,27,43,65,92,50,0.54,246.41666666666666
Arman Ter-Minasyan,RUS,66,,1471.66,21,24,3,0,0,0,0,53,93,113,176,117,0.452991452991453,70.07904761904763
Zan Lovenjak Sudar,SLO,1149,179.0,1419.33,15,19,4,0,0,0,0,33,70,83,152,91,0.3626373626373626,94.622
Sohta Amagasa,JPN,11871,176.0,1412.5,5,10,4,1,0,0,0,22,42,53,93,45,0.4888888888888889,282.5
Masatoshi Sugita,JPN,5683,,1408.0,12,17,5,0,0,0,0,31,62,63,126,80,0.3875,117.33333333333333
Jabee Kim,KOR,2033,,1401.66,20,25,4,1,0,0,0,35,82,88,179,120,0.2916666666666667,70.083
Stanislav Kleshnov,UKR,4788,,1372.0,8,12,3,1,0,0,1,21,45,36,71,56,0.375,171.5
Ross Fulkerson,USA,1871,183.0,1357.5,12,16,3,1,0,0,0,32,61,80,134,76,0.42105263157894735,113.125
Fabien Comina,FRA,4786,,1349.5,8,13,3,2,0,0,0,24,50,49,84,60,0.4,168.6875
Kevin Hemund,SUI,3429,,1335.0,28,30,2,0,0,0,0,61,113,118,228,148,0.41216216216216217,47.67857142857143
Minoru Nakano,JPN,2289,,1316.0,8,13,4,1,0,0,0,29,49,55,85,60,0.48333333333333334,164.5
Nimrod Marcus,ISR,3998,166.0,1315.32,21,25,3,1,0,0,0,42,93,102,182,121,0.34710743801652894,62.63428571428571
Julien Meral,FRA,4503,,1300.5,9,14,4,1,0,0,0,24,52,44,97,65,0.36923076923076925,144.5
Akito Matsushima,JPN,4783,,1283.5,7,11,3,1,0,0,0,25,41,46,87,51,0.49019607843137253,183.35714285714286
Sergei Luzhetskii,RUS,85,,1269.5,15,17,1,1,0,1,0,33,66,91,153,83,0.39759036144578314,84.63333333333334
William Ridal,GBR,645,,1202.66,22,26,4,0,0,0,0,42,89,99,199,126,0.3333333333333333,54.66636363636364
Stefano Ghisolfi,ITA,855,169.0,1188.32,15,19,3,1,0,0,0,33,67,68,131,91,0.3626373626373626,79.22133333333333
Mario Lechner,AUT,1216,,1174.5,8,13,5,0,0,0,0,30,45,59,77,60,0.5,146.8125
Sergei Skorodumov,RUS,89,,1163.08,16,19,2,1,0,0,0,34,75,84,198,92,0.3695652173913043,72.6925
Kevin Heiniger,SUI,3428,,1154.56,29,32,3,0,0,0,0,46,108,113,263,157,0.2929936305732484,39.812413793103445
Nicolas Pelorson,FRA,487,,1135.0,7,10,3,0,0,0,0,26,36,66,74,47,0.5531914893617021,162.14285714285714
Baptiste Nomine,FRA,4784,,1121.6599999999999,9,11,2,0,0,0,0,28,46,50,80,53,0.5283018867924528,124.62888888888887
Yury Novitskiy,RUS,72,,1079.6599999999999,15,17,2,0,0,0,0,42,67,104,147,83,0.5060240963855421,71.97733333333332
Moritz Hans,GER,3185,,1075.0,15,18,3,0,0,0,0,36,64,89,142,87,0.41379310344827586,71.66666666666667
Nikolai Iarilovets,RUS,165,,1074.1599999999999,10,13,2,1,0,0,1,22,51,63,136,62,0.3548387096774194,107.41599999999998
Zach Galla,USA,1926,168.0,1065.8200000000002,12,15,2,1,0,0,0,29,59,70,116,72,0.4027777777777778,88.81833333333334
Jan-Luca Posch,AUT,1245,,1028.01,21,22,1,0,0,0,0,33,81,90,228,109,0.30275229357798167,48.95285714285714
Tim Reuser,NED,3582,,1012.75,7,9,2,0,0,0,0,18,35,42,76,43,0.4186046511627907,144.67857142857142
Gareth Parry,GBR,4905,,990.07,9,12,2,1,0,0,0,25,39,42,62,57,0.43859649122807015,110.00777777777779
Max Kleesattel,GER,3127,173.0,990.0,15,18,3,0,0,0,0,29,69,92,170,87,0.3333333333333333,66.0
Valeriy Kryukov,UKR,1476,,974.0,5,7,2,0,0,0,0,20,27,41,46,33,0.6060606060606061,194.8
Jonathan Partridge,GBR,4796,,969.75,29,30,1,0,0,0,0,45,99,90,215,149,0.30201342281879195,33.439655172413794
Daniel Andersson,SWE,4824,,966.1600000000001,13,15,2,0,0,0,0,26,53,53,95,73,0.3561643835616438,74.32000000000001
Simon Unger,GER,3123,,965.3199999999999,16,18,2,0,0,0,0,36,68,85,142,88,0.4090909090909091,60.332499999999996
Haibin Qu,CHN,2931,,960.8299999999999,13,15,2,0,0,0,0,21,49,44,98,73,0.2876712328767123,73.91
Bastien Gerland,FRA,4799,,943.66,12,14,1,1,0,0,0,29,52,51,84,68,0.4264705882352941,78.63833333333334
Peter Würth,GER,4976,,933.74,25,26,1,0,0,0,0,37,90,83,216,129,0.2868217054263566,37.3496
Jonatan Flor Vazquez,ESP,797,,933.6,16,19,3,0,0,0,0,46,75,137,180,92,0.5,58.35
Antoine Vandeputte,FRA,4779,,923.5,5,8,3,0,0,0,0,17,29,36,56,37,0.4594594594594595,184.7
Shinta Ozawa,JPN,4934,,921.0,9,12,3,0,0,0,0,23,42,66,89,57,0.40350877192982454,102.33333333333333
Yuki Hada,JPN,2301,,918.5,7,9,2,0,0,0,0,22,36,51,64,43,0.5116279069767442,131.21428571428572
Kipras Baltrunas,LTU,4364,,914.3100000000001,22,25,3,0,0,0,0,41,89,97,215,122,0.3360655737704918,41.55954545454546
Mikhail Chernikov,RUS,61,,906.0,11,13,2,0,0,0,0,28,51,59,92,63,0.4444444444444444,82.36363636363636
Andre Difelice,CAN,1572,,889.1,12,15,3,0,0,0,0,34,62,76,117,72,0.4722222222222222,74.09166666666667
Olivier Lebreton,FRA,4782,,888.0,7,9,2,0,0,0,0,17,36,26,61,43,0.3953488372093023,126.85714285714286
Marco Antonio Jubes Angarita,ESP,774,,877.5,10,13,2,1,0,0,0,23,37,70,85,62,0.3709677419354839,87.75
Tatsuya Muraoka,JPN,5869,,835.0,2,4,1,1,0,1,0,8,14,21,39,18,0.4444444444444444,417.5
Sebastien Lazure,CAN,1571,,832.4900000000001,29,30,1,0,0,0,0,39,100,89,230,149,0.26174496644295303,28.706551724137935
Jérôme Meyer,FRA,412,,825.0,2,5,2,1,0,0,0,12,19,23,29,22,0.5454545454545454,412.5
Kyle Owen,USA,1716,,824.5,5,8,2,1,0,0,0,14,31,22,50,37,0.3783783783783784,164.9
Vasya Vorotnikov,USA,1746,,822.5,6,8,2,0,0,0,0,14,31,41,65,38,0.3684210526315789,137.08333333333334
Ram Levin,ISR,3991,171.0,810.3299999999999,19,21,1,1,0,0,0,26,65,67,156,103,0.2524271844660194,42.64894736842105
Tomasz Oleksy,POL,4581,,806.5,8,10,2,0,0,0,0,18,31,32,48,48,0.375,100.8125
Eric Sethna,CAN,1564,,806.5,14,15,1,0,0,0,0,28,55,77,137,74,0.3783783783783784,57.607142857142854
Jure Becan,SLO,4795,,793.75,14,17,3,0,0,0,0,35,60,72,103,82,0.4268292682926829,56.69642857142857
Josh Larson,USA,1735,,770.83,16,18,2,0,0,0,0,29,67,67,145,88,0.32954545454545453,48.176875
Sam Avezou,FRA,532,170.0,761.49,7,9,2,0,0,0,0,16,36,42,85,43,0.37209302325581395,108.78428571428572
Kaito Watanabe,JPN,2331,,760.16,7,9,2,0,0,0,0,21,32,55,82,43,0.4883720930232558,108.5942857142857
Pierre Duroche,FRA,5533,,758.0,6,8,2,0,0,0,0,14,29,20,49,38,0.3684210526315789,126.33333333333333
Philipp Martin,GER,765,173.0,734.66,14,16,2,0,0,0,0,25,56,67,144,78,0.32051282051282054,52.47571428571428
Robert D'Anastasio,USA,4840,,723.5,6,9,3,0,0,0,0,14,34,42,85,42,0.3333333333333333,120.58333333333333
Sangwon Son,KOR,2032,,719.0,5,8,3,0,0,0,0,13,28,29,68,37,0.35135135135135137,143.8
Zida Ma,CHN,2938,,718.0,11,13,2,0,0,0,0,14,42,51,119,63,0.2222222222222222,65.27272727272727
Eric  Lopez Mateos,ESP,775,,714.75,18,20,2,0,0,0,0,34,64,73,130,98,0.3469387755102041,39.708333333333336
Artem Petrakov,RUS,90,,707.5,9,11,2,0,0,0,0,9,32,25,73,53,0.16981132075471697,78.61111111111111
Michael O'Rourke,USA,1745,,701.0,10,12,2,0,0,0,0,21,50,48,106,58,0.3620689655172414,70.1
Edvards Gruzitis,LAT,4168,181.0,694.5,7,8,1,0,0,0,0,13,31,47,80,39,0.3333333333333333,99.21428571428571
Austin Geiman,USA,1736,,671.33,15,16,1,0,0,0,0,33,69,78,146,79,0.4177215189873418,44.75533333333333
Sin-Fai Ho,HKG,2211,,643.0,10,11,1,0,0,0,0,13,35,36,96,54,0.24074074074074073,64.3
Julian Bautista,USA,5989,,640.0,2,4,2,0,0,0,0,11,16,18,30,18,0.6111111111111112,320.0
Alex Waterhouse,GBR,652,,640.0,8,9,1,0,0,0,0,21,35,51,77,44,0.4772727272727273,80.0
Benoit Heintz,FRA,4790,,636.58,15,16,1,0,0,0,0,26,53,44,81,79,0.3291139240506329,42.43866666666667
Bruno Macias Matutano,ESP,4789,,622.0,10,11,1,0,0,0,0,28,43,54,64,54,0.5185185185185185,62.2
Qinghua Wang,CHN,2927,,622.0,7,8,1,0,0,0,0,9,24,14,38,39,0.23076923076923078,88.85714285714286
Vasily Kozlov,RUS,47,,615.5,6,8,2,0,0,0,0,11,25,31,57,38,0.2894736842105263,102.58333333333333
Anton Johansonn,FIN,6052,,614.1600000000001,14,16,2,0,0,0,0,26,53,60,110,78,0.3333333333333333,43.868571428571435
Christoph Schweiger,GER,4252,187.0,612.5,13,14,1,0,0,0,0,25,51,74,124,69,0.36231884057971014,47.11538461538461
Alberto Ginés López,ESP,811,178.0,609.83,8,10,2,0,0,0,0,14,35,41,100,48,0.2916666666666667,76.22875
William Bosi,GBR,648,,597.3199999999999,8,9,1,0,0,0,0,23,36,55,71,44,0.5227272727272727,74.66499999999999
Ian Dory,USA,4850,,594.66,8,9,1,0,0,0,0,13,36,26,63,44,0.29545454545454547,74.3325
Benjamin Hanna,USA,1758,,576.99,17,18,1,0,0,0,0,23,63,61,147,89,0.25842696629213485,33.940588235294115
Jaha Kim,KOR,2034,,556.5,10,11,1,0,0,0,0,18,36,35,68,54,0.3333333333333333,55.65
Didier Hoarau,FRA,4804,,554.66,5,6,1,0,0,0,0,8,22,19,33,29,0.27586206896551724,110.93199999999999
Mathieu Ternant,FRA,11535,,545.0,3,6,3,0,0,0,0,12,24,26,71,27,0.4444444444444444,181.66666666666666
Kento Yamaguchi,JPN,13320,,530.0,5,6,1,0,0,0,0,15,26,33,48,29,0.5172413793103449,106.0
Max Rudigier,AUT,1221,,526.48,12,14,2,0,0,0,0,18,43,36,81,68,0.2647058823529412,43.873333333333335
Kazuma Watanabe,JPN,4937,,523.0,6,8,2,0,0,0,0,12,26,18,46,38,0.3157894736842105,87.16666666666667
Matthew Cousins,GBR,667,,514.5,12,12,0,0,0,0,0,26,47,62,123,60,0.43333333333333335,42.875
Jakub Glowka,POL,2846,,514.01,18,19,0,1,0,0,0,28,58,73,116,94,0.2978723404255319,28.55611111111111
Nils Favre,SUI,4306,176.0,489.22,25,26,1,0,0,0,0,34,90,86,221,129,0.26356589147286824,19.5688
Naoki Shimatani,JPN,2271,,480.5,2,3,1,0,0,0,0,7,8,17,15,14,0.5,240.25
Victor Baudrand,CAN,1644,175.0,475.0,6,7,1,0,0,0,0,12,27,40,96,34,0.35294117647058826,79.16666666666667
Elias Weiler,AUT,1229,,461.33,22,23,1,0,0,0,0,31,75,87,160,114,0.2719298245614035,20.969545454545454
Ondrej Svub,SVK,4801,,459.26000000000005,15,16,1,0,0,0,0,21,48,54,88,79,0.26582278481012656,30.617333333333338
Ivan Kaurov,RUS,4864,,442.5,3,4,1,0,0,0,0,7,11,11,13,19,0.3684210526315789,147.5
Ignasi Tarrazona Gasque,ESP,5858,,440.65999999999997,11,12,1,0,0,0,0,27,45,42,73,59,0.4576271186440678,40.059999999999995
Riccardo Piazza,ITA,882,,433.56999999999994,18,19,1,0,0,0,0,30,69,83,177,94,0.3191489361702128,24.08722222222222
Marcello Bombardi,ITA,854,177.0,432.83,19,19,0,0,0,0,0,32,69,76,158,95,0.3368421052631579,22.780526315789473
Shawn Raboutou,USA,1794,,432.0,5,6,1,0,0,0,0,14,24,36,87,29,0.4827586206896552,86.4
Vlas Gavrilov,RUS,122,,431.0,8,9,1,0,0,0,0,16,32,57,87,44,0.36363636363636365,53.875
Michiel Nieuwenhuijsen,NED,3583,,419.0,8,9,1,0,0,0,0,15,32,33,71,44,0.3409090909090909,52.375
Yuval Shemla,ISR,3989,,418.5,13,14,1,0,0,0,0,13,42,38,97,69,0.18840579710144928,32.19230769230769
Chris Sharma,USA,4665,,415.0,1,2,1,0,0,0,0,2,7,2,8,9,0.2222222222222222,415.0
Zach Lerner,USA,4791,,413.16,4,5,1,0,0,0,0,10,20,16,25,24,0.4166666666666667,103.29
Satone Yoshida,JPN,11390,168.0,411.5,5,6,1,0,0,0,0,13,24,38,59,29,0.4482758620689655,82.3
Georg Parma,AUT,1234,,406.33000000000004,20,20,0,0,0,0,0,39,72,101,174,100,0.39,20.3165
Hongshu Qiu,CHN,6145,,405.0,4,6,2,0,0,0,0,6,16,11,26,28,0.21428571428571427,101.25
Blaz Rant,SLO,5099,,384.5,7,9,2,0,0,0,0,14,32,37,68,43,0.32558139534883723,54.92857142857143
Nalle Hukkataival,FIN,5611,,382.5,4,5,1,0,0,0,0,11,16,27,33,24,0.4583333333333333,95.625
Andre Borowka,GER,5265,,381.15999999999997,6,8,2,0,0,0,0,14,22,25,43,38,0.3684210526315789,63.526666666666664
Amir Nouri,IRI,3486,,373.5,11,12,1,0,0,0,0,16,32,57,106,59,0.2711864406779661,33.95454545454545
Kai Lightner,USA,1772,,373.15999999999997,7,7,0,0,0,0,0,15,25,37,45,35,0.42857142857142855,53.308571428571426
Fabien Dugit,FRA,4690,,372.15999999999997,4,5,1,0,0,0,0,12,18,24,27,24,0.5,93.03999999999999
Bjørn Arnel Iisager,DEN,3855,,370.48999999999995,24,24,0,0,0,0,0,38,78,89,169,120,0.31666666666666665,15.437083333333332
Chua Dennis,SGP,3644,,365.5,12,12,0,0,0,0,0,16,41,46,90,60,0.26666666666666666,30.458333333333332
Magnus Midtboe,NOR,3058,,364.5,2,3,1,0,0,0,0,7,12,27,34,14,0.5,182.25
Adam Watson,GBR,6091,,358.5,3,4,1,0,0,0,0,10,16,15,22,19,0.5263157894736842,119.5
Terry Paholek,CAN,4847,,357.0,5,6,1,0,0,0,0,7,19,12,41,29,0.2413793103448276,71.4
Sebastien Jalmain,FRA,5381,,355.5,5,5,0,0,0,0,0,12,21,18,34,25,0.48,71.1
Joackym Ramsamy,FRA,5657,,354.5,7,8,1,0,0,0,0,11,28,22,62,39,0.28205128205128205,50.642857142857146
Christian Feistmantl,AUT,4977,,351.68,9,10,1,0,0,0,0,16,32,42,81,49,0.32653061224489793,39.07555555555555
Masahiro Higuchi,JPN,2261,169.0,345.16,5,6,1,0,0,0,0,8,17,14,45,29,0.27586206896551724,69.03200000000001
Donggun Lee,KOR,6218,,343.0,3,4,1,0,0,0,0,4,15,6,37,19,0.21052631578947367,114.33333333333333
Peter Dixon,USA,1770,,339.0,4,5,1,0,0,0,0,9,17,20,52,24,0.375,84.75
Florian Klingler,AUT,1241,,338.99,18,18,0,0,0,0,0,35,61,102,138,90,0.3888888888888889,18.83277777777778
Kim Marschner,GER,3126,,338.33,16,17,1,0,0,0,0,25,57,78,146,84,0.2976190476190476,21.145625
Aidan Roberts,GBR,685,,335.5,8,9,1,0,0,0,0,17,33,31,75,44,0.38636363636363635,41.9375
Geva Levin,ISR,4019,,335.32,5,6,1,0,0,0,0,7,23,20,64,29,0.2413793103448276,67.064
Guy Mcnamee,CAN,1646,,335.0,6,7,1,0,0,0,0,9,24,21,47,34,0.2647058823529412,55.833333333333336
Ondrej Nevelik,CZE,4807,,334.33,13,13,0,0,0,0,0,26,49,57,116,65,0.4,25.717692307692307
Jihwan Park,KOR,2040,,331.33,3,5,2,0,0,0,0,9,12,14,21,23,0.391304347826087,110.44333333333333
Nigel Callender,IRL,4909,,331.0,4,5,1,0,0,0,0,10,21,27,43,24,0.4166666666666667,82.75
Minyoung Lee,KOR,2057,,325.33,5,6,1,0,0,0,0,7,19,19,51,29,0.2413793103448276,65.066
Changfeng Qu,CHN,2934,,320.0,5,6,1,0,0,0,0,5,15,14,37,29,0.1724137931034483,64.0
Ferdinand Schulte,NED,4609,,319.07,10,11,1,0,0,0,0,7,28,13,60,54,0.12962962962962962,31.907
James Garden,GBR,4908,,318.5,9,9,0,0,0,0,0,19,33,37,68,45,0.4222222222222222,35.388888888888886
Olivier Hequin,FRA,5649,,318.0,13,14,1,0,0,0,0,22,47,37,80,69,0.3188405797101449,24.46153846153846
Yosuke Senbongi,JPN,6153,,307.0,4,5,1,0,0,0,0,10,20,27,34,24,0.4166666666666667,76.75
Ethan Pringle,USA,5437,,306.83,5,6,1,0,0,0,0,10,22,19,46,29,0.3448275862068966,61.366
Jiacuo Suolang,CHN,4877,,303.5,6,6,0,0,0,0,0,3,11,12,25,30,0.1,50.583333333333336
Tomás Mrázek,CZE,1356,,300.0,1,2,1,0,0,0,0,6,8,9,12,9,0.6666666666666666,300.0
Salavat Rakhmetov,RUS,4465,,300.0,1,2,1,0,0,0,0,3,8,3,14,9,0.3333333333333333,300.0
Alexandr Nikolaev,RUS,4867,,299.85,6,7,1,0,0,0,0,9,19,18,32,34,0.2647058823529412,49.975
Tom Newman,GBR,6150,,299.5,8,8,0,0,0,0,0,12,24,31,52,40,0.3,37.4375
Jakub Jodlowski,POL,2837,,298.83,18,18,0,0,0,0,0,29,57,105,173,90,0.32222222222222224,16.601666666666667
Urban Primozic,SLO,1127,,290.33,3,4,1,0,0,0,0,10,13,18,33,19,0.5263157894736842,96.77666666666666
Keita Seto,JPN,5966,,279.5,4,5,1,0,0,0,0,5,11,12,19,24,0.20833333333333334,69.875
Leo Avezou,FRA,505,,261.33,6,6,0,0,0,0,0,15,22,29,40,30,0.5,43.555
Sam Mcqueen,USA,1988,,260.0,1,2,1,0,0,0,0,6,8,14,18,9,0.6666666666666666,260.0
Jacopo Larcher,ITA,4802,,258.66,6,7,1,0,0,0,0,10,29,15,49,34,0.29411764705882354,43.11000000000001
Piotr Bunsch,POL,2839,,254.0,10,10,0,0,0,0,0,12,27,32,75,50,0.24,25.4
Nicolas Badia,FRA,5292,,253.0,5,5,0,0,0,0,0,12,18,26,39,25,0.48,50.6
Andrew Lamb,USA,1721,,252.0,7,8,1,0,0,0,0,12,25,37,56,39,0.3076923076923077,36.0
Pascal Gagneux,FRA,478,,248.66,8,8,0,0,0,0,0,16,32,27,50,40,0.4,31.0825
Santiago De Alba Flores,MEX,6092,,248.16,9,9,0,0,0,0,0,12,27,20,56,45,0.26666666666666666,27.573333333333334
Toshiaki Takeuchi,JPN,5615,,244.0,4,5,1,0,0,0,0,10,15,11,20,24,0.4166666666666667,61.0
Chi-Fung Au,HKG,2217,,241.66,21,21,0,0,0,0,0,24,61,60,159,105,0.22857142857142856,11.507619047619048
Lucas Uchida,CAN,1593,,238.66,13,13,0,0,0,0,0,17,38,37,76,65,0.26153846153846155,18.358461538461537
Hannes Puman,SWE,2667,177.0,238.25,18,18,0,0,0,0,0,27,70,70,167,90,0.3,13.23611111111111
Timo Tak,NED,5518,,237.5,4,5,1,0,0,0,0,8,17,15,35,24,0.3333333333333333,59.375
Niccolo' Ceria,ITA,4793,,237.17,9,9,0,0,0,0,0,15,34,23,66,45,0.3333333333333333,26.35222222222222
Miles Adamson,CAN,6064,,235.0,2,3,1,0,0,0,0,3,8,14,32,14,0.21428571428571427,117.5
Nicolas Januel,FRA,434,,234.66,5,6,1,0,0,0,0,9,19,15,40,29,0.3103448275862069,46.932
Nicolas Farcy,BEL,311,,233.5,11,12,1,0,0,0,0,12,22,27,52,59,0.2033898305084746,21.227272727272727
Josh Muller,CAN,6061,,233.0,2,3,1,0,0,0,0,3,10,7,25,14,0.21428571428571427,116.5
John Bowles,CAN,5668,,230.0,7,7,0,0,0,0,0,4,19,5,35,35,0.11428571428571428,32.857142857142854
Siu-Hei Tang,HKG,2216,,226.25,8,8,0,0,0,0,0,4,18,15,37,40,0.1,28.28125
Vilimantas Petrasiunas,LTU,4363,,221.82,16,16,0,0,0,0,0,22,46,52,111,80,0.275,13.86375
Charles Barron,USA,1875,,221.25,7,8,1,0,0,0,0,9,27,15,63,39,0.23076923076923078,31.607142857142858
Rudolph Ruana,USA,1773,,219.0,7,7,0,0,0,0,0,20,29,61,69,35,0.5714285714285714,31.285714285714285
Martin Jaggi,SUI,4787,,218.5,4,5,1,0,0,0,0,8,17,14,30,24,0.3333333333333333,54.625
Konstantin Savelyev,RUS,4870,,216.5,2,3,1,0,0,0,0,3,7,5,8,14,0.21428571428571427,108.25
Matic Kotar,SLO,1145,171.0,213.5,8,8,0,0,0,0,0,13,28,40,76,40,0.325,26.6875
Jan Chvala,CZE,1362,,212.25,8,9,1,0,0,0,0,13,29,39,68,44,0.29545454545454547,26.53125
Max Prinz,GER,3777,,211.5,11,11,0,0,0,0,0,16,31,46,70,55,0.2909090909090909,19.227272727272727
Sergei Shaferov,BLR,4865,,211.0,2,3,1,0,0,0,0,5,9,10,15,14,0.35714285714285715,105.5
Elias Arriagada Krüger,GER,11525,169.0,207.5,8,8,0,0,0,0,0,12,28,38,85,40,0.3,25.9375
Arthur Ternant,FRA,8958,,205.0,1,2,1,0,0,0,0,4,8,8,16,9,0.4444444444444444,205.0
Akito Tsumori,JPN,6144,,205.0,1,2,1,0,0,0,0,1,6,1,7,9,0.1111111111111111,205.0
Simon Hibbeler,USA,1906,,201.0,3,4,1,0,0,0,0,4,14,4,33,19,0.21052631578947367,67.0
Marc Eveleigh,CAN,1573,,197.0,5,5,0,0,0,0,0,3,16,9,46,25,0.12,39.4
Fedir Samoilov,UKR,1489,,192.64999999999998,14,14,0,0,0,0,0,24,51,78,163,70,0.34285714285714286,13.760714285714284
Winai Ruangrit,THA,3929,,192.5,5,5,0,0,0,0,0,3,15,5,44,25,0.12,38.5
Sungjoon Chae,KOR,13149,,191.32999999999998,6,6,0,0,0,0,0,12,22,39,62,30,0.4,31.888333333333332
Matty Hong,USA,6088,,191.0,2,3,1,0,0,0,0,6,11,12,22,14,0.42857142857142855,95.5
Hafzanizam Bokhari,MAS,5559,,185.5,3,4,1,0,0,0,0,6,16,9,30,19,0.3157894736842105,61.833333333333336
Cheung-Chi Shoji Chan,HKG,2218,,185.0,18,18,0,0,0,0,0,17,57,55,171,90,0.18888888888888888,10.277777777777779
Gabor Szekely,HUN,4841,,185.0,1,2,1,0,0,0,0,2,7,4,13,9,0.2222222222222222,185.0
Joel Zerr,USA,1777,,184.0,8,8,0,0,0,0,0,3,17,6,39,40,0.075,23.0
Ryan Olson,USA,4845,,180.07,3,3,0,0,0,0,0,2,6,4,14,15,0.13333333333333333,60.02333333333333
Jan Haiko,AUT,5984,,178.5,5,6,1,0,0,0,0,10,20,33,66,29,0.3448275862068966,35.7
Yves Gravelle,CAN,4848,,175.0,5,5,0,0,0,0,0,6,19,12,29,25,0.24,35.0
Filip Schenk,ITA,912,170.0,172.66,8,8,0,0,0,0,0,8,24,21,52,40,0.2,21.5825
Alex Fritz,USA,1722,,170.0,1,2,1,0,0,0,0,4,7,8,12,9,0.4444444444444444,170.0
Mark Hobson,USA,5889,,170.0,1,2,1,0,0,0,0,1,6,4,18,9,0.1111111111111111,170.0
Alexander Kalina,RUS,4933,,170.0,1,2,1,0,0,0,0,2,7,3,18,9,0.2222222222222222,170.0
Matt Fultz,USA,1949,,164.0,2,3,1,0,0,0,0,5,12,14,29,14,0.35714285714285715,82.0
Nikolay Rusev,BUL,12329,172.0,164.0,3,4,1,0,0,0,0,4,16,8,48,19,0.21052631578947367,54.666666666666664
Palmer Larsen,USA,1820,,161.0,7,7,0,0,0,0,0,7,19,20,55,35,0.2,23.0
Thattana Raksachat,THA,3930,,159.0,3,3,0,0,0,0,0,2,11,4,20,15,0.13333333333333333,53.0
Manuel Escobar,VEN,3174,,158.66,3,4,1,0,0,0,0,5,11,14,24,19,0.2631578947368421,52.88666666666666
Orrin Coley,GBR,654,,158.5,9,9,0,0,0,0,0,11,23,33,66,45,0.24444444444444444,17.61111111111111
Tatsumi Nitta,JPN,4940,,157.5,2,2,0,0,0,0,0,7,10,16,21,10,0.7,78.75
Elan Jonasmcrae,CAN,1576,,157.5,7,7,0,0,0,0,0,10,18,32,58,35,0.2857142857142857,22.5
Adam Markert,USA,4843,,157.0,2,2,0,0,0,0,0,3,8,6,16,10,0.3,78.5
Khairul Hafiz Abu Hassan,MAS,5619,,157.0,2,3,1,0,0,0,0,4,10,13,34,14,0.2857142857142857,78.5
Shinpei Hasegawa,JPN,4842,,155.0,1,2,1,0,0,0,0,1,2,1,2,9,0.1111111111111111,155.0
Philip Ratajczak,GER,6276,,155.0,1,2,1,0,0,0,0,4,5,13,10,9,0.4444444444444444,155.0
Carlos Catari,VEN,6010,,155.0,1,2,1,0,0,0,0,3,7,6,11,9,0.3333333333333333,155.0
Nino Grünenfelder,SUI,4284,172.0,148.5,9,9,0,0,0,0,0,7,30,20,63,45,0.15555555555555556,16.5
Clément Lechaptois,FRA,477,,148.0,5,5,0,0,0,0,0,8,15,21,30,25,0.32,29.6
Stepan Stranik,CZE,1357,,147.82999999999998,19,19,0,0,0,0,0,16,47,42,120,95,0.16842105263157894,7.780526315789473
Reza Kolasangian,IRI,3484,,147.5,9,9,0,0,0,0,0,13,28,50,90,45,0.28888888888888886,16.38888888888889
Mikel Asier Linacisoro Molina,ESP,793,184.0,146.32999999999998,9,9,0,0,0,0,0,7,29,24,89,45,0.15555555555555556,16.258888888888887
Alessandro Palma,ITA,875,,145.5,7,7,0,0,0,0,0,13,24,25,58,35,0.37142857142857144,20.785714285714285
Yotam Ben Reuven,ISR,4046,,144.66,5,5,0,0,0,0,0,7,15,13,24,25,0.28,28.932
Matthias Erber,AUT,1250,,143.5,12,12,0,0,0,0,0,17,35,40,77,60,0.2833333333333333,11.958333333333334
Matt Wilder,USA,6072,,141.5,3,3,0,0,0,0,0,5,13,8,20,15,0.3333333333333333,47.166666666666664
Yuta Imaizumi,JPN,2378,,140.5,3,3,0,0,0,0,0,7,13,17,22,15,0.4666666666666667,46.833333333333336
Arjan De Kock,RSA,6053,,137.5,1,1,0,0,0,0,0,3,3,15,14,5,0.6,137.5
Dustin Curtis,CAN,4851,,137.4,8,8,0,0,0,0,0,5,20,11,44,40,0.125,17.175
Ashraf Mohammad Sapri,SGP,3636,,133.0,2,2,0,0,0,0,0,5,9,23,29,10,0.5,66.5
Jamie Chong,CAN,5890,,132.0,3,3,0,0,0,0,0,1,10,1,22,15,0.06666666666666667,44.0
Carmel Raz Romeo,ISR,4028,,132.0,7,7,0,0,0,0,0,5,23,17,74,35,0.14285714285714285,18.857142857142858
Kirill Dyakonov ,RUS,4871,,130.5,2,2,0,0,0,0,0,3,7,3,15,10,0.3,65.25
Beiji Li,CHN,2937,,130.0,2,2,0,0,0,0,0,2,5,7,13,10,0.2,65.0
Rishat Khaibullin,KAZ,3361,170.0,130.0,5,5,0,0,0,0,0,3,14,8,30,25,0.12,26.0
Sergei Tiupyshev,RUS,231,,130.0,2,2,0,0,0,0,0,2,6,10,13,10,0.2,65.0
Elko Schellingerhout,NED,3581,,128.49,10,10,0,0,0,0,0,11,29,25,70,50,0.22,12.849
Adrien Lemaire,FRA,518,,126.5,2,2,0,0,0,0,0,2,7,5,10,10,0.2,63.25
Sébastien Valran,FRA,9331,,126.5,6,6,0,0,0,0,0,12,20,18,29,30,0.4,21.083333333333332
Kevin Lopata,FRA,4906,,126.5,3,3,0,0,0,0,0,5,10,11,17,15,0.3333333333333333,42.166666666666664
Marc Edwards,AUS,4806,,121.5,5,5,0,0,0,0,0,4,15,10,49,25,0.16,24.3
Qixin Zhong,CHN,2929,,121.0,3,3,0,0,0,0,0,0,6,0,18,15,0.0,40.333333333333336
Karsten Borowka,GER,4644,,120.0,3,3,0,0,0,0,0,5,11,9,24,15,0.3333333333333333,40.0
Rok Klancnik,SLO,5334,,119.5,5,5,0,0,0,0,0,8,17,10,34,25,0.32,23.9
Stefano Ghidini,ITA,4666,,119.0,3,3,0,0,0,0,0,6,11,12,21,15,0.4,39.666666666666664
Sandeep Maity,IND,2626,,117.0,6,6,0,0,0,0,0,4,14,16,50,30,0.13333333333333333,19.5
Colin Wills,USA,1928,,115.5,2,2,0,0,0,0,0,4,6,33,33,10,0.4,57.75
Ellis Ernsberger,USA,2004,170.0,112.5,1,1,0,0,0,0,0,3,5,6,7,5,0.6,112.5
Will Anglin,USA,1819,,112.5,1,1,0,0,0,0,0,2,3,6,7,5,0.4,112.5
Carlos Jose Catari Ramones,ESP,6317,,106.0,5,5,0,0,0,0,0,9,16,29,49,25,0.36,21.2
Artyom Devyaterikov,KAZ,3358,,105.33,8,8,0,0,0,0,0,11,22,28,55,40,0.275,13.16625
Julien Clémence,SUI,4283,,105.33,9,9,0,0,0,0,0,9,27,43,81,45,0.2,11.703333333333333
Dylan Chuat,SUI,3199,170.0,103.5,4,4,0,0,0,0,0,3,15,18,36,20,0.15,25.875
Jesse Van Der Werf,NED,5857,,102.0,7,7,0,0,0,0,0,7,18,12,30,35,0.2,14.571428571428571
Oscar Baudrand,CAN,11847,170.0,102.0,9,9,0,0,0,0,0,10,26,31,104,45,0.2222222222222222,11.333333333333334
Nathaniel Spencer,USA,6335,,102.0,3,3,0,0,0,0,0,0,4,0,13,15,0.0,34.0
Zander Waller,USA,1934,182.0,101.5,3,3,0,0,0,0,0,6,11,22,29,15,0.4,33.833333333333336
Yoann Le Couster,FRA,4953,,101.5,2,2,0,0,0,0,0,3,5,8,10,10,0.3,50.75
Sergio Pastor Martínez,ESP,816,,100.5,13,13,0,0,0,0,0,11,39,33,122,65,0.16923076923076924,7.730769230769231
Khosro Hashemzadeh,IRI,3467,,100.0,2,2,0,0,0,0,0,3,5,7,15,10,0.3,50.0
Don Van Laere,NED,3591,,99.58,9,9,0,0,0,0,0,9,31,30,70,45,0.2,11.064444444444444
Robert Rundin,SWE,6090,,99.0,7,7,0,0,0,0,0,10,18,28,36,35,0.2857142857142857,14.142857142857142
Dominic Burns,IRL,2588,,98.66,5,5,0,0,0,0,0,6,11,11,18,25,0.24,19.732
Daniel Fisher,AUS,6389,,98.16,2,2,0,0,0,0,0,5,6,12,16,10,0.5,49.08
Martin Bergant,SLO,1135,182.0,97.6,3,3,0,0,0,0,0,5,8,16,25,15,0.3333333333333333,32.53333333333333
Emanuel Moosburger,AUT,4792,,96.66,8,8,0,0,0,0,0,12,31,27,51,40,0.3,12.0825
David Wetmore,USA,6063,,96.0,2,2,0,0,0,0,0,3,9,6,22,10,0.3,48.0
Abdul Qayum Bin Abd Jalani,MAS,6229,,95.0,1,1,0,0,0,0,0,1,3,2,9,5,0.2,95.0
Tony Musselbrook,GBR,5898,,95.0,1,1,0,0,0,0,0,2,3,3,7,5,0.4,95.0
Singh Adarsh ,IND,2631,,94.5,4,4,0,0,0,0,0,5,7,25,28,20,0.25,23.625
Sungsu Lee,KOR,13147,,94.5,2,2,0,0,0,0,0,3,6,7,13,10,0.3,47.25
Seyed Reza Chashi,IRI,3496,,94.5,5,5,0,0,0,0,0,6,13,27,46,25,0.24,18.9
Jure Raztresen,SLO,1128,,94.5,2,2,0,0,0,0,0,4,7,9,11,10,0.4,47.25
Jesse Grupper,USA,1749,180.0,94.5,5,5,0,0,0,0,0,5,14,12,35,25,0.2,18.9
Ayodele Sopeju,CAN,1567,,94.33,9,9,0,0,0,0,0,7,24,17,58,45,0.15555555555555556,10.481111111111112
Claudiu Miu,ROU,2724,,93.0,8,8,0,0,0,0,0,3,23,8,46,40,0.075,11.625
Philippe Allenspach,SUI,4785,,91.83,6,6,0,0,0,0,0,9,17,15,30,30,0.3,15.305
Davic Picq,FRA,5635,,91.0,2,2,0,0,0,0,0,2,6,9,17,10,0.2,45.5
Fredrik Serlachius,SWE,2670,,89.66,17,17,0,0,0,0,0,12,54,49,176,85,0.1411764705882353,5.274117647058823
Ao Yurikusa,JPN,11832,175.0,89.5,1,1,0,0,0,0,0,1,5,2,11,5,0.2,89.5
Josh Levin,USA,1713,,89.0,6,6,0,0,0,0,0,4,16,6,51,30,0.13333333333333333,14.833333333333334
Andrei Nikifaravets,BLR,4868,,85.0,2,2,0,0,0,0,0,2,3,4,6,10,0.2,42.5
Zhouwen Huang,CHN,2959,,84.5,3,3,0,0,0,0,0,5,9,16,28,15,0.3333333333333333,28.166666666666668
Zufar Nigmanov,RUS,4882,,84.0,1,1,0,0,0,0,0,1,1,1,1,5,0.2,84.0
Alexey Nazarov,KAZ,6230,,84.0,1,1,0,0,0,0,0,1,3,2,12,5,0.2,84.0
Aric Merz,GER,5384,,82.5,7,7,0,0,0,0,0,9,20,21,43,35,0.2571428571428571,11.785714285714286
Fumihiro Oyama,JPN,4854,,82.5,3,3,0,0,0,0,0,4,7,9,14,15,0.26666666666666666,27.5
Ka-Chun Yau,HKG,2214,,82.16,17,17,0,0,0,0,0,14,53,51,183,85,0.16470588235294117,4.832941176470588
Rafet Serkan Ercan,TUR,5728,,80.0,8,8,0,0,0,0,0,9,24,23,55,40,0.225,10.0
Yuya Kitae,JPN,2376,,77.0,2,2,0,0,0,0,0,5,8,10,18,10,0.5,38.5
Dan Archambault,CAN,4613,,76.33,4,4,0,0,0,0,0,0,8,0,19,20,0.0,19.0825
Geir Söderin,SWE,4797,,74.23,3,3,0,0,0,0,0,2,10,2,20,15,0.13333333333333333,24.743333333333336
Mikhail Gogol,RUS,4809,,74.0,8,8,0,0,0,0,0,12,24,30,51,40,0.3,9.25
Andrew Ang Yuan Hann,MAS,6231,,73.0,1,1,0,0,0,0,0,1,2,2,4,5,0.2,73.0
Nicolas Sherman Cuevo,COL,4846,,73.0,1,1,0,0,0,0,0,1,4,4,10,5,0.2,73.0
Arash Doustarian,IRI,6315,,73.0,1,1,0,0,0,0,0,0,2,0,2,5,0.0,73.0
Ryan Roden,USA,5959,,73.0,1,1,0,0,0,0,0,3,5,5,8,5,0.6,73.0
Jérémie Ciccione,FRA,5779,,73.0,1,1,0,0,0,0,0,1,5,1,7,5,0.2,73.0
Garrett Gregor,USA,5992,,73.0,4,4,0,0,0,0,0,1,16,1,23,20,0.05,18.25
Hans Busker,NED,4899,,70.66,12,12,0,0,0,0,0,11,35,31,92,60,0.18333333333333332,5.888333333333333
Adam Jeewooth,GBR,4805,,70.0,8,8,0,0,0,0,0,9,25,22,56,40,0.225,8.75
Kevin Arc,FRA,6328,,70.0,2,2,0,0,0,0,0,6,8,8,10,10,0.6,35.0
Ilari Juho Kelloniemi,FIN,2801,,69.5,7,7,0,0,0,0,0,5,20,15,53,35,0.14285714285714285,9.928571428571429
Asher Gavin  Chiam Kai Chen,SGP,3672,,67.0,4,4,0,0,0,0,0,7,13,25,41,20,0.35,16.75
Jonas Winter,GER,6195,,65.5,4,4,0,0,0,0,0,9,16,32,42,20,0.45,16.375
Oleg Beliakov,RUS,6241,,64.5,2,2,0,0,0,0,0,1,4,1,6,10,0.1,32.25
Sylvain Roche,FRA,6151,,64.0,3,3,0,0,0,0,0,6,8,12,16,15,0.4,21.333333333333332
Ajij Shaikh,IND,2629,,62.25,2,2,0,0,0,0,0,2,2,5,3,10,0.2,31.125
Irfan Shaikh,IND,2637,,61.5,2,2,0,0,0,0,0,3,3,27,27,10,0.3,30.75
Matej Svub,SVK,4810,,61.0,12,12,0,0,0,0,0,11,29,22,69,60,0.18333333333333332,5.083333333333333
Gavin Johnson,CAN,1597,,60.0,3,3,0,0,0,0,0,1,5,4,13,15,0.06666666666666667,20.0
Matt Bosley,USA,5891,,59.5,1,1,0,0,0,0,0,0,2,0,4,5,0.0,59.5
Ben West,GBR,5371,,58.66,4,4,0,0,0,0,0,4,12,8,26,20,0.2,14.665
Vladimir Musich,RUS,4869,,58.5,2,2,0,0,0,0,0,3,6,12,13,10,0.3,29.25
Stepan Volf,CZE,1396,,58.0,2,2,0,0,0,0,0,1,5,5,15,10,0.1,29.0
Emil Abrahamsson,SWE,12230,,57.0,6,6,0,0,0,0,0,0,15,0,61,30,0.0,9.5
Loïc Timmermans,BEL,314,,57.0,10,10,0,0,0,0,0,12,33,42,113,50,0.24,5.7
Joakim Berglund,SWE,4820,,56.76,5,5,0,0,0,0,0,4,12,6,20,25,0.16,11.352
Hannes Van Duysen,BEL,373,175.0,56.5,4,4,0,0,0,0,0,4,13,11,42,20,0.2,14.125
Ryohei Kameyama,JPN,2338,,56.0,4,4,0,0,0,0,0,6,15,15,31,20,0.3,14.0
Christopher Cosser,RSA,1058,178.0,55.0,6,6,0,0,0,0,0,4,13,15,31,30,0.13333333333333333,9.166666666666666
Brendan Mitchell,USA,1744,,54.66,4,4,0,0,0,0,0,3,15,9,31,20,0.15,13.665
Yohann Dard,FRA,4508,,54.33,3,3,0,0,0,0,0,8,13,17,22,15,0.5333333333333333,18.11
Somnath Ramdas Shinde,IND,2620,,52.5,2,2,0,0,0,0,0,2,5,9,19,10,0.2,26.25
Joe Goodacre,USA,1801,,52.5,5,5,0,0,0,0,0,5,16,18,36,25,0.2,10.5
Yuta Kobata,JPN,2346,,52.0,1,1,0,0,0,0,0,1,4,1,10,5,0.2,52.0
Eneko Carretero Cruz,ESP,818,,52.0,2,2,0,0,0,0,0,3,5,9,15,10,0.3,26.0
Eduard Marin Garcia,ESP,5256,,52.0,1,1,0,0,0,0,0,1,3,2,7,5,0.2,52.0
Ricardo De Leeuw,NED,5996,,52.0,1,1,0,0,0,0,0,3,4,7,6,5,0.6,52.0
Sungbo Seo,KOR,2046,,51.66,8,8,0,0,0,0,0,11,27,23,84,40,0.275,6.4575
Ry Morrison,CRC,5969,,51.25,2,2,0,0,0,0,0,0,3,0,7,10,0.0,25.625
Hei-Yeung Lam,HKG,2226,,51.0,12,12,0,0,0,0,0,8,26,14,63,60,0.13333333333333333,4.25
Andrea Zanone,ITA,858,,49.989999999999995,8,8,0,0,0,0,0,8,28,16,86,40,0.2,6.248749999999999
Jj Mah,CAN,1560,,49.66,7,7,0,0,0,0,0,6,20,18,43,35,0.17142857142857143,7.094285714285713
Mark Brand,NED,3586,,49.5,6,6,0,0,0,0,0,7,18,26,65,30,0.23333333333333334,8.25
Franz Krakenberger,SUI,3430,,49.0,4,4,0,0,0,0,0,8,14,23,36,20,0.4,12.25
Vicky Bhalerao,IND,2640,,49.0,2,2,0,0,0,0,0,2,3,7,10,10,0.2,24.5
Tomoki Musha,JPN,2347,,48.83,2,2,0,0,0,0,0,4,8,11,16,10,0.4,24.415
Nicholas Milburn,USA,1729,,48.5,2,2,0,0,0,0,0,2,8,5,14,10,0.2,24.25
Ciarán Scanlon,IRL,2591,,48.16,8,8,0,0,0,0,0,11,17,32,47,40,0.275,6.02
Quentin Miegeville,FRA,5755,,48.0,1,1,0,0,0,0,0,1,4,1,9,5,0.2,48.0
Guram Dabrundashvili,GEO,2458,,48.0,1,1,0,0,0,0,0,0,2,0,6,5,0.0,48.0
Kenneth Elvegård,NOR,3070,,48.0,8,8,0,0,0,0,0,8,21,22,60,40,0.2,6.0
Dichong Huang,CHN,2954,,47.5,6,6,0,0,0,0,0,8,16,32,54,30,0.26666666666666666,7.916666666666667
Mojtaba Khodaeidamerchidarsi,IRI,6316,,47.5,4,4,0,0,0,0,0,3,9,9,26,20,0.15,11.875
Sergio Verdasco Urizal,ESP,803,,47.0,10,10,0,0,0,0,0,14,30,40,73,50,0.28,4.7
Carlos Granja,ECU,3211,175.0,46.91,9,9,0,0,0,0,0,6,27,24,99,45,0.13333333333333333,5.212222222222222
Leonid Osadchyi,UKR,1513,,46.5,5,5,0,0,0,0,0,0,12,0,43,25,0.0,9.3
Mohammadhossein Saghari,IRI,3507,,46.0,2,2,0,0,0,0,0,2,5,10,9,10,0.2,23.0
Stefan Fellner,USA,1925,178.0,45.0,2,2,0,0,0,0,0,3,7,16,29,10,0.3,22.5
Shigeo Iwai,JPN,6065,,45.0,2,2,0,0,0,0,0,2,8,4,16,10,0.2,22.5
David Mason,GBR,637,,44.5,4,4,0,0,0,0,0,2,7,2,12,20,0.1,11.125
Zach Richardson,CAN,1614,,44.5,13,13,0,0,0,0,0,8,36,20,132,65,0.12307692307692308,3.423076923076923
Nathan Smith,CAN,1586,,44.0,11,11,0,0,0,0,0,15,34,52,92,55,0.2727272727272727,4.0
Bruno Vacka,CRO,4798,,43.16,4,4,0,0,0,0,0,4,12,5,14,20,0.2,10.79
Burak Dulgeroglu,TUR,6083,,42.5,3,3,0,0,0,0,0,1,3,2,14,15,0.06666666666666667,14.166666666666666
Bassa Mawem,FRA,7613,,42.5,5,5,0,0,0,0,0,5,15,16,58,25,0.2,8.5
Alexander Wurm,GER,2824,,42.16,5,5,0,0,0,0,0,6,13,8,33,25,0.24,8.431999999999999
Marshal German,CAN,5894,,42.07,4,4,0,0,0,0,0,1,4,1,8,20,0.05,10.5175
Tuhin Vikas Satarkar,IND,2621,,42.0,1,1,0,0,0,0,0,1,3,3,5,5,0.2,42.0
Jon Cardwell,USA,5957,,42.0,1,1,0,0,0,0,0,1,4,2,6,5,0.2,42.0
Tomas Greksak,SVK,2759,,41.66,7,7,0,0,0,0,0,7,17,12,43,35,0.2,5.951428571428571
Solomon Barth,USA,1742,,41.25,3,3,0,0,0,0,0,5,11,22,30,15,0.3333333333333333,13.75
Hossein Familrohani,IRI,3511,173.0,40.5,11,11,0,0,0,0,0,5,25,10,75,55,0.09090909090909091,3.6818181818181817
Nicolas Mathieu,BEL,5991,,40.5,5,5,0,0,0,0,0,6,16,12,31,25,0.24,8.1
Lukas Geukens,BEL,313,,40.16,11,11,0,0,0,0,0,11,31,30,89,55,0.2,3.6509090909090904
Luka Potocar,SLO,1170,177.0,39.5,2,2,0,0,0,0,0,4,6,9,23,10,0.4,19.75
Tomas Ravanal,CHI,3897,,39.33,2,2,0,0,0,0,0,1,6,1,24,10,0.1,19.665
Kornelius Obleitner,AUT,5658,,39.0,3,3,0,0,0,0,0,6,11,10,23,15,0.4,13.0
Jesse Taplin,CAN,1604,,38.5,2,2,0,0,0,0,0,3,6,8,16,10,0.3,19.25
Pol Roca Lopez,ESP,780,,37.93,9,9,0,0,0,0,0,11,28,36,80,45,0.24444444444444444,4.214444444444444
Luke Muller,CAN,6062,,37.0,1,1,0,0,0,0,0,1,4,3,9,5,0.2,37.0
Samuel Tiukuvaara,CAN,6330,,36.5,3,3,0,0,0,0,0,2,7,7,13,15,0.13333333333333333,12.166666666666666
Jules Nicouleau Bourles,FRA,502,,34.0,4,4,0,0,0,0,0,7,17,11,27,20,0.35,8.5
Aleksander Romanowski,POL,6158,,33.0,3,3,0,0,0,0,0,7,11,16,31,15,0.4666666666666667,11.0
Marijus Smigelskis,RSA,5868,,33.0,1,1,0,0,0,0,0,0,1,0,3,5,0.0,33.0
Michael Bautista,USA,6174,,33.0,1,1,0,0,0,0,0,2,5,6,11,5,0.4,33.0
Hirotaro Hoshina,JPN,5965,,33.0,1,1,0,0,0,0,0,1,3,1,11,5,0.2,33.0
Tomas Plevko,SVK,2763,,33.0,3,3,0,0,0,0,0,0,6,0,20,15,0.0,11.0
Aaron Tan,SGP,3643,,33.0,1,1,0,0,0,0,0,1,4,3,8,5,0.2,33.0
Tamás Farkas,HUN,2174,,33.0,6,6,0,0,0,0,0,8,19,26,67,30,0.26666666666666666,5.5
Facundo Langbehn,CHI,3896,,32.5,3,3,0,0,0,0,0,3,8,9,17,15,0.2,10.833333333333334
Arturas  Volkovas,LTU,4366,,32.0,5,5,0,0,0,0,0,1,8,3,20,25,0.04,6.4
Stepan Potucek,CZE,1449,,32.0,3,3,0,0,0,0,0,0,8,0,30,15,0.0,10.666666666666666
Rimu Murakami,JPN,6078,,32.0,3,3,0,0,0,0,0,3,12,5,25,15,0.2,10.666666666666666
Diego Luis González,MEX,5928,,32.0,4,4,0,0,0,0,0,2,10,11,37,20,0.1,8.0
Will Johnson,CAN,1621,,32.0,5,5,0,0,0,0,0,0,6,0,16,25,0.0,6.4
James Pope,GBR,649,,32.0,6,6,0,0,0,0,0,8,19,24,46,30,0.26666666666666666,5.333333333333333
Joe Czerwinski,USA,5893,,31.5,1,1,0,0,0,0,0,0,2,0,7,5,0.0,31.5
Stefan Schmieg,GER,3722,,31.5,2,2,0,0,0,0,0,3,4,16,20,10,0.3,15.75
Francesco Vettorata,ITA,864,,31.5,8,8,0,0,0,0,0,8,19,27,49,40,0.2,3.9375
Wan Tong Lok,Macau,4437,,31.5,10,10,0,0,0,0,0,5,19,21,65,50,0.1,3.15
Stephan Vogt,GER,2587,,31.5,1,1,0,0,0,0,0,1,4,6,11,5,0.2,31.5
Grady Bagwell,USA,5892,,31.5,1,1,0,0,0,0,0,0,2,0,7,5,0.0,31.5
Dimitri Vogt,SUI,3427,158.0,31.0,7,7,0,0,0,0,0,8,23,18,64,35,0.22857142857142856,4.428571428571429
Mark Croxall,GBR,4907,,31.0,3,3,0,0,0,0,0,5,11,12,26,15,0.3333333333333333,10.333333333333334
Tomas Midtun Tobiassen,NOR,4895,,30.0,1,1,0,0,0,0,0,2,5,4,10,5,0.4,30.0
Jonathan Huerta Espinoza,MEX,6250,,30.0,2,2,0,0,0,0,0,0,4,0,11,10,0.0,15.0
Janis Prizavoits,LAT,5970,,30.0,2,2,0,0,0,0,0,1,3,4,7,10,0.1,15.0
Felix Leuoth,GER,6277,,30.0,1,1,0,0,0,0,0,3,4,13,14,5,0.6,30.0
Jakub Konecny,CZE,1389,,30.0,4,4,0,0,0,0,0,5,12,12,38,20,0.25,7.5
Pavel Isaev,RUS,5940,,30.0,1,1,0,0,0,0,0,1,1,3,3,5,0.2,30.0
Ben Abel,AUS,2508,,29.56,19,19,0,0,0,0,0,8,39,29,109,95,0.08421052631578947,1.5557894736842104
Mohammadsadegh Yosefi,IRI,6319,,28.5,1,1,0,0,0,0,0,0,1,0,1,5,0.0,28.5
Hamed Heydaridolabi,IRI,3513,,28.5,3,3,0,0,0,0,0,4,9,25,37,15,0.26666666666666666,9.5
Berkan Aksu,TUR,6318,,28.5,1,1,0,0,0,0,0,0,1,0,1,5,0.0,28.5
Simon Potucek,CZE,1418,,28.5,4,4,0,0,0,0,0,1,9,5,30,20,0.05,7.125
Brian Antheunisse,USA,1711,,28.33,2,2,0,0,0,0,0,3,8,17,21,10,0.3,14.165
Luke Goh Wen Bin,SGP,3665,,28.229999999999997,3,3,0,0,0,0,0,3,9,5,23,15,0.2,9.409999999999998
Andrew Zhigarev,UKR,6116,,28.0,9,9,0,0,0,0,0,1,17,3,58,45,0.022222222222222223,3.111111111111111
Jurijs Krasanovs,LAT,4151,,28.0,5,5,0,0,0,0,0,5,11,12,36,25,0.2,5.6
Giorgi Gabuldani,GEO,2454,,27.5,3,3,0,0,0,0,0,0,2,0,8,15,0.0,9.166666666666666
Anton Mardashov,UKR,1481,,27.0,2,2,0,0,0,0,0,3,9,12,41,10,0.3,13.5
Eduardo Carvalho,BRA,5534,,27.0,1,1,0,0,0,0,0,0,2,0,10,5,0.0,27.0
Mykhayil Tkachuk,UKR,1502,,27.0,4,4,0,0,0,0,0,1,10,2,25,20,0.05,6.75
Maxim Zolotukhin,USA,5990,,27.0,1,1,0,0,0,0,0,2,4,5,6,5,0.4,27.0
Dmitrii Fakirianov,RUS,93,171.0,26.5,3,3,0,0,0,0,0,6,9,20,20,15,0.4,8.833333333333334
Ilja Auersperg,AUT,12500,,25.5,1,1,0,0,0,0,0,2,3,4,5,5,0.4,25.5
Shaun Hunter,CAN,1603,,25.5,4,4,0,0,0,0,0,2,7,3,19,20,0.1,6.375
Hibiki Yamauchi,JPN,2377,,25.5,1,1,0,0,0,0,0,3,5,4,9,5,0.6,25.5
Nobuyuki Nagata,JPN,5833,,25.5,1,1,0,0,0,0,0,3,4,3,4,5,0.6,25.5
Peter Putz,AUT,4822,,25.0,4,4,0,0,0,0,0,3,11,8,30,20,0.15,6.25
Oliver Batir,ROU,2721,,25.0,4,4,0,0,0,0,0,2,11,5,19,20,0.1,6.25
Liam Healy,AUS,2535,,25.0,5,5,0,0,0,0,0,4,12,26,48,25,0.16,5.0
Theis Lindegren Elfenbein,DEN,3854,,24.91,13,13,0,0,0,0,0,3,28,14,125,65,0.046153846153846156,1.916153846153846
Joseph Diaz,USA,1800,,24.66,3,3,0,0,0,0,0,3,10,12,29,15,0.2,8.22
Ludovico Fossali,ITA,865,185.0,24.66,11,11,0,0,0,0,0,4,20,22,75,55,0.07272727272727272,2.2418181818181817
Matthias König,SUI,3205,,24.33,3,3,0,0,0,0,0,7,12,12,38,15,0.4666666666666667,8.11
Josef Sundakov-Krumins  ,AUS,2525,,24.0,4,4,0,0,0,0,0,3,11,7,22,20,0.15,6.0
Stanislav Poplavskiy,RUS,4938,,24.0,1,1,0,0,0,0,0,1,1,4,4,5,0.2,24.0
Muhammad Hilman Haron,SGP,3629,,24.0,2,2,0,0,0,0,0,0,4,0,8,10,0.0,12.0
Kyle Struthers,USA,1897,,24.0,1,1,0,0,0,0,0,1,2,1,5,5,0.2,24.0
Samuel Adolph,GER,4975,,23.75,2,2,0,0,0,0,0,3,6,10,13,10,0.3,11.875
Michael O'Neill,IRL,2597,174.0,23.56,6,6,0,0,0,0,0,2,18,3,38,30,0.06666666666666667,3.9266666666666663
Lee Zong Jun Nicholas,SGP,3645,,23.5,3,3,0,0,0,0,0,1,5,3,12,15,0.06666666666666667,7.833333333333333
Léon Genecand,SUI,6039,,23.5,4,4,0,0,0,0,0,6,13,18,53,20,0.3,5.875
Pedro Ferreira Nicoloso,BRA,3138,,22.5,7,7,0,0,0,0,0,4,20,18,67,35,0.11428571428571428,3.2142857142857144
Younghyun Kim,KOR,2064,,22.0,2,2,0,0,0,0,0,3,6,8,17,10,0.3,11.0
Dennis Teijsse,NED,4621,,22.0,2,2,0,0,0,0,0,2,5,3,11,10,0.2,11.0
Javier Cano Blazquez,ESP,776,,22.0,14,14,0,0,0,0,0,8,31,23,100,70,0.11428571428571428,1.5714285714285714
Rob Denayer,BEL,324,,22.0,2,2,0,0,0,0,0,4,9,9,26,10,0.4,11.0
Saman Shrestha,NEP,4181,,21.75,2,2,0,0,0,0,0,0,2,0,16,10,0.0,10.875
Wonwoo Han,KOR,2121,178.0,21.66,3,3,0,0,0,0,0,0,7,0,11,15,0.0,7.22
Blagovest Lazarov,BUL,4819,,21.66,4,4,0,0,0,0,0,1,10,1,21,20,0.05,5.415
Julien Bourassa-Moreau,CAN,1607,,21.5,3,3,0,0,0,0,0,0,4,0,4,15,0.0,7.166666666666667
Jakub Kovacik,SVK,4808,,21.33,5,5,0,0,0,0,0,2,8,3,12,25,0.08,4.266
Chi-Wai Lai,HKG,5010,,21.33,1,1,0,0,0,0,0,1,1,1,1,5,0.2,21.33
Eduardas Jeriomenko,LTU,11018,,21.0,2,2,0,0,0,0,0,0,5,0,14,10,0.0,10.5
Daniel Ungureanu,ROU,2726,,21.0,7,7,0,0,0,0,0,4,13,8,30,35,0.11428571428571428,3.0
Roddy Mackenzie,GBR,5146,,21.0,3,3,0,0,0,0,0,2,6,7,11,15,0.13333333333333333,7.0
Bastien Glairon Mondet,FRA,5791,,21.0,4,4,0,0,0,0,0,3,11,10,26,20,0.15,5.25
Pranil Man Shrestha,NEP,4178,,21.0,2,2,0,0,0,0,0,0,2,0,20,10,0.0,10.5
Gaurav Kumar,IND,2627,,21.0,2,2,0,0,0,0,0,0,1,0,2,10,0.0,10.5
Attila Zsombor Radics,HUN,2202,,20.5,3,3,0,0,0,0,0,1,9,3,26,15,0.06666666666666667,6.833333333333333
Erekle Mikeladze,GEO,6040,,20.42,2,2,0,0,0,0,0,0,1,0,1,10,0.0,10.21
Karolis Rutkauskas,LTU,6082,,20.33,4,4,0,0,0,0,0,1,6,6,16,20,0.05,5.0825
Peter Erard,USA,1795,,20.25,3,3,0,0,0,0,0,0,4,0,15,15,0.0,6.75
Felipe  Ho Foganholo,BRA,3141,,20.220000000000002,8,8,0,0,0,0,0,3,21,11,70,40,0.075,2.5275000000000003
Isaac Leff,USA,12032,178.0,20.0,1,1,0,0,0,0,0,2,4,5,9,5,0.4,20.0
Emilien Casado,FRA,554,,20.0,1,1,0,0,0,0,0,1,4,4,12,5,0.2,20.0
Dmitry Sarapaev,RUS,4881,,20.0,4,4,0,0,0,0,0,2,7,10,25,20,0.1,5.0
Viktor Beliy,UKR,6242,,20.0,3,3,0,0,0,0,0,4,9,12,30,15,0.26666666666666666,6.666666666666667
Rahul Sapra,CAN,1627,,20.0,2,2,0,0,0,0,0,1,4,4,18,10,0.1,10.0
Adrian Margea,ROU,4813,,19.85,5,5,0,0,0,0,0,0,9,0,29,25,0.0,3.97
Remi Samyn,FRA,435,,19.0,2,2,0,0,0,0,0,5,8,10,18,10,0.5,9.5
Francis Bilodeau,CAN,1588,,19.0,1,1,0,0,0,0,0,0,2,0,5,5,0.0,19.0
Quinn O'Francia,USA,11886,175.0,19.0,1,1,0,0,0,0,0,2,4,16,20,5,0.4,19.0
Ryan Pasquill,GBR,5633,,19.0,1,1,0,0,0,0,0,1,1,2,1,5,0.2,19.0
Héctor Adrián Martínez Cordero,MEX,4197,,19.0,2,2,0,0,0,0,0,4,7,20,27,10,0.4,9.5
Hakeem Kasban,SGP,3634,,19.0,5,5,0,0,0,0,0,3,14,10,42,25,0.12,3.8
Dominik Haertl,AUT,1262,,19.0,2,2,0,0,0,0,0,3,6,11,14,10,0.3,9.5
Ruben Firnenburg,GER,3112,,18.82,3,3,0,0,0,0,0,2,9,11,26,15,0.13333333333333333,6.273333333333333
Alejandro Crespo Cobos,ESP,814,182.0,18.5,7,7,0,0,0,0,0,3,17,7,34,35,0.08571428571428572,2.642857142857143
Benjamin Vargas,CHI,3916,180.0,18.5,3,3,0,0,0,0,0,3,9,11,18,15,0.2,6.166666666666667
Manuel Coretti,ITA,5749,,18.0,2,2,0,0,0,0,0,4,8,12,16,10,0.4,9.0
Frederik Viberg Christiansen,DEN,11518,,18.0,5,5,0,0,0,0,0,1,8,4,41,25,0.04,3.6
Radin Foroughian,IRI,12074,,18.0,3,3,0,0,0,0,0,5,8,22,27,15,0.3333333333333333,6.0
Louis Parkinson,GBR,6388,,18.0,2,2,0,0,0,0,0,1,5,1,11,10,0.1,9.0
Kuutti Huhtikorpi,FIN,5968,,17.75,2,2,0,0,0,0,0,1,4,2,11,10,0.1,8.875
Simon Parton,CAN,5896,,17.57,1,1,0,0,0,0,0,0,1,0,1,5,0.0,17.57
Minko Nikolov,BUL,5895,,17.57,1,1,0,0,0,0,0,0,1,0,1,5,0.0,17.57
Luke Muehring,USA,1809,,17.4,2,2,0,0,0,0,0,1,6,1,16,10,0.1,8.7
Bohdan Botnar,UKR,1534,,17.0,4,4,0,0,0,0,0,0,8,0,27,20,0.0,4.25
Greg Padovani,USA,6066,,17.0,1,1,0,0,0,0,0,0,2,0,4,5,0.0,17.0
André Berezoski,BRA,3135,,17.0,2,2,0,0,0,0,0,0,6,0,9,10,0.0,8.5
George Maris,ROU,5840,,16.75,5,5,0,0,0,0,0,2,8,7,23,25,0.08,3.35
Carlos Preciado Brión,ESP,6086,,16.5,2,2,0,0,0,0,0,2,5,6,13,10,0.2,8.25
Petar Ivanov,BUL,2428,,16.5,4,4,0,0,0,0,0,4,10,12,23,20,0.2,4.125
Marián Šeliga,SVK,6056,,16.5,7,7,0,0,0,0,0,3,9,15,45,35,0.08571428571428572,2.357142857142857
Babek Ibadov,AZE,6155,,16.42,3,3,0,0,0,0,0,0,0,0,0,15,0.0,5.473333333333334
Miguel Angel Hernandez Medina,MEX,5802,,16.33,3,3,0,0,0,0,0,0,3,0,10,15,0.0,5.4433333333333325
Nejc Cujes,SLO,5979,,16.33,2,2,0,0,0,0,0,3,8,7,10,10,0.3,8.165
Shinyeong Yun,KOR,2061,166.0,16.33,2,2,0,0,0,0,0,1,6,4,21,10,0.1,8.165
Victor Dragoi,ROU,6152,,16.33,4,4,0,0,0,0,0,3,12,7,24,20,0.15,4.0825
Yohann Dechamps,FRA,489,,16.0,1,1,0,0,0,0,0,1,1,5,5,5,0.2,16.0
Soya Shimada,JPN,11527,,16.0,1,1,0,0,0,0,0,1,4,2,10,5,0.2,16.0
Cole Skinner,USA,1748,,16.0,1,1,0,0,0,0,0,1,2,3,7,5,0.2,16.0
Pierre Le Cerf,FRA,546,,16.0,1,1,0,0,0,0,0,1,5,3,19,5,0.2,16.0
Martin Watson,GBR,6079,,16.0,2,2,0,0,0,0,0,1,6,4,11,10,0.1,8.0
Yeo Marcus ,SGP,6405,,16.0,2,2,0,0,0,0,0,3,4,17,14,10,0.3,8.0
Dohyeon Kim,KOR,11859,180.0,15.66,4,4,0,0,0,0,0,0,6,0,11,20,0.0,3.915
Stefan Bednar,SVK,2761,,15.66,11,11,0,0,0,0,0,3,19,7,65,55,0.05454545454545454,1.4236363636363636
Franz Schmidtlein,GER,4978,,15.6,3,3,0,0,0,0,0,2,7,2,12,15,0.13333333333333333,5.2
Stefano Mastrocola,BRA,5873,,15.5,2,2,0,0,0,0,0,1,4,3,15,10,0.1,7.75
Jan Jeliga,CZE,1371,,15.5,3,3,0,0,0,0,0,3,6,9,17,15,0.2,5.166666666666667
Tzu-Hsiang Chin,TPE,6406,,15.33,2,2,0,0,0,0,0,2,3,8,9,10,0.2,7.665
Hanwool Kim,KOR,2041,,15.16,6,6,0,0,0,0,0,7,18,23,55,30,0.23333333333333334,2.526666666666667
Ryan Sewell,USA,6073,,15.0,1,1,0,0,0,0,0,1,4,1,5,5,0.2,15.0
Stefan Avramov,BUL,4826,,15.0,3,3,0,0,0,0,0,2,8,6,27,15,0.13333333333333333,5.0
Terdpol Artaui,THA,6308,,15.0,1,1,0,0,0,0,0,0,0,0,0,5,0.0,15.0
Jan Kriz,CZE,1372,190.0,15.0,3,3,0,0,0,0,0,0,2,0,7,15,0.0,5.0
Marius Emil Danila,ROU,5993,,15.0,1,1,0,0,0,0,0,0,1,0,1,5,0.0,15.0
Pemba Sherpa,NEP,4179,,14.75,1,1,0,0,0,0,0,0,0,0,0,5,0.0,14.75
Levin Schilling,GER,3878,,14.75,2,2,0,0,0,0,0,2,7,5,21,10,0.2,7.375
Paul Emmanuel Ryan,SGP,3640,,14.5,3,3,0,0,0,0,0,4,9,13,20,15,0.26666666666666666,4.833333333333333
Gulbala Safarov,AZE,6322,,14.42,2,2,0,0,0,0,0,0,0,0,0,10,0.0,7.21
Lasha Mitaishvili,GEO,6320,,14.42,1,1,0,0,0,0,0,0,0,0,0,5,0.0,14.42
Amil Aliyev,AZE,6264,,14.42,1,1,0,0,0,0,0,0,0,0,0,5,0.0,14.42
Ramel Rahimkhanov ,AZE,6321,,14.42,1,1,0,0,0,0,0,0,0,0,0,5,0.0,14.42
Övgün Yildirim,TUR,4067,,14.42,6,6,0,0,0,0,0,2,4,3,8,30,0.06666666666666667,2.4033333333333333
Viliam Ferčák,SVK,6245,,14.0,2,2,0,0,0,0,0,2,4,10,10,10,0.2,7.0
Jekyoung Hyun,KOR,6408,,14.0,2,2,0,0,0,0,0,1,2,3,6,10,0.1,7.0
Brice Martine,FRA,5871,,14.0,2,2,0,0,0,0,0,2,6,3,9,10,0.2,7.0
Nikola Kramaric,CRO,3036,,14.0,3,3,0,0,0,0,0,0,4,0,16,15,0.0,4.666666666666667
Janghyuk Kim,KOR,5450,,14.0,1,1,0,0,0,0,0,1,2,2,4,5,0.2,14.0
Mohammad Jafari Mahmoudabadi,IRI,3458,,13.66,3,3,0,0,0,0,0,3,6,9,13,15,0.2,4.553333333333334
Nicolas Pacheco,ARG,6394,,13.5,3,3,0,0,0,0,0,2,4,10,15,15,0.13333333333333333,4.5
Nikolai Buhl,GER,6278,,13.5,1,1,0,0,0,0,0,2,3,7,7,5,0.4,13.5
Daniel Gingras,CAN,6176,,13.5,2,2,0,0,0,0,0,1,2,1,6,10,0.1,6.75
Marco Müller,SUI,2790,,13.5,4,4,0,0,0,0,0,4,13,10,30,20,0.2,3.375
Ryosuke Hibino,JPN,2295,,13.5,1,1,0,0,0,0,0,1,4,1,14,5,0.2,13.5
Ardch Intrachupongse,THA,13627,,13.5,2,2,0,0,0,0,0,2,5,6,13,10,0.2,6.75
Jonathan Redmond,IRL,6338,,13.5,2,2,0,0,0,0,0,1,5,4,13,10,0.1,6.75
Hyunjae Kim,KOR,2062,,13.33,2,2,0,0,0,0,0,0,0,0,0,10,0.0,6.665
Stephane Hanssens,BEL,308,,13.33,5,5,0,0,0,0,0,8,13,13,21,25,0.32,2.666
Fatchur Roji,INA,3268,,13.25,4,4,0,0,0,0,0,6,14,19,41,20,0.3,3.3125
Nikola Petrov,BUL,2422,,13.16,11,11,0,0,0,0,0,9,24,26,56,55,0.16363636363636364,1.1963636363636363
Marcin Dzienski,POL,2845,166.0,13.07,6,6,0,0,0,0,0,0,0,0,0,30,0.0,2.1783333333333332
Ghislain Losier,CAN,5870,,13.0,2,2,0,0,0,0,0,0,6,0,19,10,0.0,6.5
Juraj Repan,SVK,4821,,13.0,3,3,0,0,0,0,0,1,10,1,29,15,0.06666666666666667,4.333333333333333
Diego Lequerica Buscaglia,PER,4397,,13.0,4,4,0,0,0,0,0,3,8,14,20,20,0.15,3.25
Nickolaie Rivadeneira ,ECU,3220,,13.0,4,4,0,0,0,0,0,0,6,0,31,20,0.0,3.25
John Brosler,USA,1754,179.0,13.0,7,7,0,0,0,0,0,1,11,4,27,35,0.02857142857142857,1.8571428571428572
Borna Cujic,CRO,3037,,13.0,6,6,0,0,0,0,0,7,17,16,55,30,0.23333333333333334,2.1666666666666665
Kin Wah Lai,CAN,1622,,12.66,2,2,0,0,0,0,0,0,4,0,5,10,0.0,6.33
Danyil Boldyrev,UKR,1480,,12.5,1,1,0,0,0,0,0,0,0,0,0,5,0.0,12.5
Yury Takzhanov,RUS,95,,12.5,2,2,0,0,0,0,0,3,6,7,17,10,0.3,6.25
Raphael Fernandez,BEL,310,,12.0,3,3,0,0,0,0,0,3,5,6,6,15,0.2,4.0
Franz Josef Weber,MEX,11651,,12.0,3,3,0,0,0,0,0,0,5,0,13,15,0.0,4.0
Hidekazu Ito,JPN,5151,,12.0,1,1,0,0,0,0,0,1,1,3,2,5,0.2,12.0
Samuel Bowman,AUS,2491,,12.0,3,3,0,0,0,0,0,2,8,9,37,15,0.13333333333333333,4.0
Guntram Jörg,AUT,5872,,12.0,3,3,0,0,0,0,0,1,8,4,31,15,0.06666666666666667,4.0
Ning Zhang,CHN,2932,,11.83,1,1,0,0,0,0,0,0,1,0,1,5,0.0,11.83
Yaroslav Popkov,RUS,5942,,11.83,1,1,0,0,0,0,0,0,1,0,1,5,0.0,11.83
Anton Prystomau,BLR,5943,,11.83,1,1,0,0,0,0,0,0,1,0,1,5,0.0,11.83
Dmitry Stepanov,RUS,5944,,11.83,1,1,0,0,0,0,0,0,1,0,1,5,0.0,11.83
Rongwu Cao,CHN,5119,,11.83,1,1,0,0,0,0,0,0,1,0,1,5,0.0,11.83
Andrey Klizubov,RUS,5941,,11.83,1,1,0,0,0,0,0,0,1,0,1,5,0.0,11.83
Felipe Camargo,BRA,4852,,11.75,1,1,0,0,0,0,0,0,1,0,1,5,0.0,11.75
Tash Clemens Zielinski,CAN,4853,,11.75,1,1,0,0,0,0,0,0,1,0,1,5,0.0,11.75
Sergii Karpin,UKR,1479,,11.66,8,8,0,0,0,0,0,3,15,5,50,40,0.075,1.4575
Tyler Haack,USA,5897,,11.5,1,1,0,0,0,0,0,0,1,0,2,5,0.0,11.5
Stephan Rest,AUT,1279,,11.5,2,2,0,0,0,0,0,0,5,0,13,10,0.0,5.75
Dirk Mol,NED,4896,,11.5,1,1,0,0,0,0,0,1,3,1,9,5,0.2,11.5
Campbell Harrison,AUS,2493,182.0,11.5,9,9,0,0,0,0,0,7,19,21,61,45,0.15555555555555556,1.2777777777777777
Yegor Matveenko,RUS,4872,,11.5,1,1,0,0,0,0,0,0,2,0,4,5,0.0,11.5
Luyuan Cai,CHN,2926,,11.5,1,1,0,0,0,0,0,2,3,5,4,5,0.4,11.5
Philipp Geisenhoff,SUI,4303,,11.33,5,5,0,0,0,0,0,3,16,10,53,25,0.12,2.266
Juozas Bobina,LTU,6236,,11.33,1,1,0,0,0,0,0,0,0,0,0,5,0.0,11.33
Ricardo Neves,POR,6104,,11.33,1,1,0,0,0,0,0,0,0,0,0,5,0.0,11.33
Dingguo Wang,CHN,2939,,11.25,2,2,0,0,0,0,0,0,4,0,14,10,0.0,5.625
Chia Hsiang Lin,TPE,2146,,11.16,3,3,0,0,0,0,0,3,7,12,26,15,0.2,3.72
José David Martinez Sevilla,MEX,6332,,11.0,1,1,0,0,0,0,0,0,2,0,3,5,0.0,11.0
Tristan Chen,USA,1823,,11.0,2,2,0,0,0,0,0,1,5,3,13,10,0.1,5.5
Jinyu Pan,CHN,2928,,11.0,1,1,0,0,0,0,0,1,2,8,10,5,0.2,11.0
Dmitrijus  Monastyreckis,LTU,6244,,11.0,4,4,0,0,0,0,0,1,10,2,34,20,0.05,2.75
Vitalii Lagutin,UKR,4823,,11.0,2,2,0,0,0,0,0,1,7,1,24,10,0.1,5.5
Florent Samyn,FRA,5677,,11.0,2,2,0,0,0,0,0,2,6,3,10,10,0.2,5.5
Diego Lopez Montull,MEX,6175,,11.0,2,2,0,0,0,0,0,0,4,0,8,10,0.0,5.5
Ben Hoberg,USA,6128,,11.0,1,1,0,0,0,0,0,0,2,0,2,5,0.0,11.0
Cesar Grosso,BRA,3136,,11.0,5,5,0,0,0,0,0,4,12,11,37,25,0.16,2.2
Soma Strommer,HUN,2179,,10.91,5,5,0,0,0,0,0,2,15,3,37,25,0.08,2.182
Nikita Devyaterikov,KAZ,3359,,10.83,2,2,0,0,0,0,0,0,0,0,0,10,0.0,5.415
Aleksei Shchervianin,RUS,69,,10.82,2,2,0,0,0,0,0,2,3,5,5,10,0.2,5.41
Nimród Sebestyén Tusnády ,HUN,2201,,10.66,4,4,0,0,0,0,0,3,11,11,35,20,0.15,2.665
Juan O Raw,IRL,6339,,10.5,1,1,0,0,0,0,0,1,3,1,6,5,0.2,10.5
Arturo Campos Salvador,ESP,767,,10.5,1,1,0,0,0,0,0,2,2,5,5,5,0.4,10.5
Yulianto Abudzar,INA,3258,,10.5,1,1,0,0,0,0,0,1,1,3,1,5,0.2,10.5
Ricardo Morelli,GER,6196,,10.5,1,1,0,0,0,0,0,2,3,3,4,5,0.4,10.5
Marco Gozzi,ITA,874,,10.5,1,1,0,0,0,0,0,1,4,1,6,5,0.2,10.5
Rob Hunter,IRL,2589,,10.5,1,1,0,0,0,0,0,0,2,0,7,5,0.0,10.5
Sergey Ivanov,RUS,4873,,10.5,1,1,0,0,0,0,0,0,2,0,5,5,0.0,10.5
Roland Wagner,AUT,5291,,10.0,1,1,0,0,0,0,0,3,4,7,8,5,0.6,10.0
Bogdan Micu,ROU,4811,,10.0,4,4,0,0,0,0,0,0,7,0,19,20,0.0,2.5
Dominik Leinenbach,GER,6279,,10.0,2,2,0,0,0,0,0,3,5,11,12,10,0.3,5.0
Petr Handlir,CZE,6329,,10.0,2,2,0,0,0,0,0,1,3,1,8,10,0.1,5.0
Lukas Franckaert,BEL,336,,10.0,3,3,0,0,0,0,0,4,11,16,44,15,0.26666666666666666,3.3333333333333335
Rodrigo Iasi Hanada,BRA,12903,,10.0,5,5,0,0,0,0,0,2,7,8,36,25,0.08,2.0
Dalton Bunker,USA,1799,,10.0,1,1,0,0,0,0,0,0,3,0,13,5,0.0,10.0
Isaac Estevez ,ECU,3208,,9.5,1,1,0,0,0,0,0,0,1,0,1,5,0.0,9.5
Akin Taskiran,TUR,6003,,9.5,2,2,0,0,0,0,0,0,2,0,7,10,0.0,4.75
Kentin Boulay,FRA,480,,9.5,2,2,0,0,0,0,0,1,5,2,10,10,0.1,4.75
Roman Batsenko,UKR,1496,179.0,9.5,8,8,0,0,0,0,0,1,15,3,47,40,0.025,1.1875
Emiliyan Kolevski,BUL,6333,,9.5,3,3,0,0,0,0,0,1,4,2,7,15,0.06666666666666667,3.1666666666666665
Truong Ngo,NED,4901,,9.1,2,2,0,0,0,0,0,1,5,4,6,10,0.1,4.55
Michele Bono,ITA,989,,9.0,1,1,0,0,0,0,0,1,5,11,17,5,0.2,9.0
Evgeny Bashkirtsev,RUS,5271,,9.0,1,1,0,0,0,0,0,0,1,0,2,5,0.0,9.0
Ben Meeks,GBR,5792,,9.0,2,2,0,0,0,0,0,0,2,0,4,10,0.0,4.5
Slav Kirov,BUL,11500,,9.0,2,2,0,0,0,0,0,3,6,15,19,10,0.3,4.5
Jaime Hendrik Quintana,PER,6252,,9.0,1,1,0,0,0,0,0,0,2,0,3,5,0.0,9.0
Juraj Ravas,SVK,6055,,9.0,4,4,0,0,0,0,0,1,9,1,16,20,0.05,2.25
David Leandro Saikin,ARG,6117,,9.0,3,3,0,0,0,0,0,3,10,13,26,15,0.2,3.0
Elias Iagnemma,ITA,926,,9.0,3,3,0,0,0,0,0,4,6,19,17,15,0.26666666666666666,3.0
Alexander Shoprin,RUS,5684,,9.0,1,1,0,0,0,0,0,3,4,6,7,5,0.6,9.0
Denis Zhendinskiy,KAZ,4874,,9.0,1,1,0,0,0,0,0,0,2,0,9,5,0.0,9.0
Edrick Freyria,MEX,5826,,9.0,1,1,0,0,0,0,0,0,0,0,0,5,0.0,9.0
Olivier Mignon,BEL,4898,,8.66,1,1,0,0,0,0,0,0,3,0,6,5,0.0,8.66
Pawel Pietrzak,POL,6341,,8.66,1,1,0,0,0,0,0,1,4,2,6,5,0.2,8.66
Julien Forgue,FRA,6340,,8.66,1,1,0,0,0,0,0,0,2,0,2,5,0.0,8.66
Chun-Hsiang Wang,TPE,2149,,8.57,7,7,0,0,0,0,0,0,4,0,9,35,0.0,1.2242857142857144
Santiago Schmidt,ARG,3159,,8.5,3,3,0,0,0,0,0,1,6,2,19,15,0.06666666666666667,2.8333333333333335
Alexander Khopko,RUS,5175,,8.5,1,1,0,0,0,0,0,0,1,0,5,5,0.0,8.5
Yaroslav Shafranskyi,UKR,5945,,8.5,1,1,0,0,0,0,0,0,1,0,5,5,0.0,8.5
Abhishek Mehta,IND,2656,,8.5,1,1,0,0,0,0,0,0,2,0,4,5,0.0,8.5
Maciej Dobrzanski,POL,2840,,8.5,3,3,0,0,0,0,0,0,6,0,24,15,0.0,2.8333333333333335
Lokesh Ranjan,IND,2632,,8.5,1,1,0,0,0,0,0,0,1,0,5,5,0.0,8.5
Surjit Singh Kangujam,IND,2622,,8.5,1,1,0,0,0,0,0,0,2,0,4,5,0.0,8.5
Ronny Escobar,CHI,3901,,8.33,5,5,0,0,0,0,0,1,7,3,26,25,0.04,1.666
Teeraphon Boondech,THA,3938,,8.25,2,2,0,0,0,0,0,0,3,0,11,10,0.0,4.125
Danila Yamchuk,LAT,4155,,8.23,6,6,0,0,0,0,0,0,1,0,1,30,0.0,1.3716666666666668
Silviu Corciovei,ROU,4966,,8.16,3,3,0,0,0,0,0,0,3,0,15,15,0.0,2.72
Daragh O Connor,IRL,2590,,8.0,3,3,0,0,0,0,0,1,7,2,20,15,0.06666666666666667,2.6666666666666665
Keith Bradbury,GBR,4910,,8.0,2,2,0,0,0,0,0,0,5,0,14,10,0.0,4.0
Jonathon Gonzalez,USA,1822,,8.0,1,1,0,0,0,0,0,0,2,0,8,5,0.0,8.0
Sergei Sinitcyn,RUS,48,,8.0,1,1,0,0,0,0,0,1,3,3,8,5,0.2,8.0
Calrin Curtis,RSA,1052,,8.0,2,2,0,0,0,0,0,0,8,0,21,10,0.0,4.0
Yongcheng Liu,CHN,2999,,8.0,2,2,0,0,0,0,0,1,6,3,25,10,0.1,4.0
Christoph Hanke,GER,2014,167.0,8.0,4,4,0,0,0,0,0,5,15,15,37,20,0.25,2.0
Alejandro Martinez  Cordero,MEX,6403,,8.0,2,2,0,0,0,0,0,0,3,0,10,10,0.0,4.0
Keiichiro Korenaga,JPN,2273,,8.0,2,2,0,0,0,0,0,1,5,5,16,10,0.1,4.0
Charlie Schreiber,USA,1893,,8.0,2,2,0,0,0,0,0,2,4,8,18,10,0.2,4.0
Eirik Birkelund Olsen,NOR,5036,,8.0,1,1,0,0,0,0,0,2,3,6,6,5,0.4,8.0
Ashleigh Wolsey-Heard,GBR,6093,,8.0,1,1,0,0,0,0,0,0,1,0,4,5,0.0,8.0
Keenan Takahashi,USA,1959,,8.0,1,1,0,0,0,0,0,0,4,0,12,5,0.0,8.0
Tomas  Vila,ARG,6115,,8.0,1,1,0,0,0,0,0,2,2,3,2,5,0.4,8.0
Alistair Earley,AUS,2507,,7.66,5,5,0,0,0,0,0,5,11,11,32,25,0.2,1.532
Sebastian M Montes,ARG,6391,,7.66,3,3,0,0,0,0,0,2,5,4,10,15,0.13333333333333333,2.5533333333333332
Markus Jung,GER,5627,,7.66,1,1,0,0,0,0,0,2,4,4,15,5,0.4,7.66
Carlos Augusto Gouveia,BRA,4855,,7.5,1,1,0,0,0,0,0,0,0,0,0,5,0.0,7.5
Justin Jones,CAN,4856,,7.5,1,1,0,0,0,0,0,0,0,0,0,5,0.0,7.5
Athanasios Chtenas,GRE,4800,,7.5,2,2,0,0,0,0,0,0,5,0,15,10,0.0,3.75
Anderson Gouveia,BRA,3134,,7.5,1,1,0,0,0,0,0,0,0,0,0,5,0.0,7.5
Hector Lopez Valdez,MEX,6393,,7.5,2,2,0,0,0,0,0,1,2,8,9,10,0.1,3.75
Matteo Manzoni,ITA,923,,7.33,3,3,0,0,0,0,0,3,7,11,24,15,0.2,2.4433333333333334
Muhammad Ferza Fernada Abdi,INA,13548,,7.0,1,1,0,0,0,0,0,0,0,0,0,5,0.0,7.0
Martin Kuhnel,USA,1759,,7.0,2,2,0,0,0,0,0,1,4,2,10,10,0.1,3.5
Jan De Smit,BEL,6280,,7.0,1,1,0,0,0,0,0,0,1,0,3,5,0.0,7.0
Bart Van Raaij,NED,5305,,7.0,1,1,0,0,0,0,0,0,2,0,3,5,0.0,7.0
Lawrence Bogeschdorfer,AUT,1317,,7.0,2,2,0,0,0,0,0,0,6,0,19,10,0.0,3.5
Paolo  Rivadeneira,ECU,3242,,7.0,1,1,0,0,0,0,0,0,1,0,16,5,0.0,7.0
Lars Bell,GER,5386,,7.0,1,1,0,0,0,0,0,2,3,4,4,5,0.4,7.0
Ivaylo Radkov,BUL,2421,,7.0,1,1,0,0,0,0,0,0,4,0,21,5,0.0,7.0
Carlos Eduardo García Verduzco,MEX,6087,,7.0,1,1,0,0,0,0,0,1,1,2,1,5,0.2,7.0
Phanuphong Bunprakop,THA,3931,,7.0,1,1,0,0,0,0,0,0,1,0,9,5,0.0,7.0
Rudi Moroder,ITA,4946,,7.0,1,1,0,0,0,0,0,2,4,8,13,5,0.4,7.0
Sunghoon Park,KOR,2120,165.0,7.0,1,1,0,0,0,0,0,0,1,0,5,5,0.0,7.0
Minsung Han,KOR,13553,,7.0,1,1,0,0,0,0,0,0,0,0,0,5,0.0,7.0
Leonardo De Rivero Huaman,PER,7464,,7.0,1,1,0,0,0,0,0,1,2,4,9,5,0.2,7.0
Daehyeon Kwon,KOR,6367,,7.0,1,1,0,0,0,0,0,1,4,3,12,5,0.2,7.0
Frank Jaenecke,GER,5983,,7.0,1,1,0,0,0,0,0,0,3,0,9,5,0.0,7.0
German David Sanchez,MEX,9933,,6.5,1,1,0,0,0,0,0,0,1,0,6,5,0.0,6.5
Evgeniy Chernyshev,RUS,4875,,6.5,1,1,0,0,0,0,0,0,0,0,0,5,0.0,6.5
Ryan Copeland,USA,1896,,6.5,1,1,0,0,0,0,0,1,2,2,3,5,0.2,6.5
Pim Cattenstart,NED,4900,,6.5,1,1,0,0,0,0,0,0,3,0,10,5,0.0,6.5
Gyula Juhasz,HUN,4754,,6.5,1,1,0,0,0,0,0,0,0,0,0,5,0.0,6.5
Artem Galushko,RUS,4876,,6.5,1,1,0,0,0,0,0,0,0,0,0,5,0.0,6.5
Ville Tiukuvaara,CAN,6390,,6.5,1,1,0,0,0,0,0,0,3,0,9,5,0.0,6.5
Mateus Rodrigues Bellotto,BRA,11836,,6.5,5,5,0,0,0,0,0,0,6,0,20,25,0.0,1.3
Axel Lindfors,FIN,12459,,6.33,5,5,0,0,0,0,0,2,11,6,32,25,0.08,1.266
Alexey Molchanov,KAZ,3360,,6.33,1,1,0,0,0,0,0,1,1,1,1,5,0.2,6.33
Kanat Egizbayev,KAZ,6407,,6.33,1,1,0,0,0,0,0,0,0,0,0,5,0.0,6.33
Sangam Kc,NEP,4183,,6.25,1,1,0,0,0,0,0,0,0,0,0,5,0.0,6.25
Mohd Hazlee,SGP,3624,,6.25,1,1,0,0,0,0,0,0,3,0,11,5,0.0,6.25
Björn Strömberg,SWE,4967,,6.0,2,2,0,0,0,0,0,1,3,1,9,10,0.1,3.0
Paul Brand,NED,3607,180.0,6.0,1,1,0,0,0,0,0,2,3,6,10,5,0.4,6.0
Francesco Carta,ITA,4979,,6.0,1,1,0,0,0,0,0,1,3,2,10,5,0.2,6.0
Andrew Post,CAN,4911,,6.0,1,1,0,0,0,0,0,0,1,0,4,5,0.0,6.0
Nicholas Picarella,USA,1732,,6.0,1,1,0,0,0,0,0,0,4,0,15,5,0.0,6.0
Gregers Gatzwiller,DEN,6159,,6.0,2,2,0,0,0,0,0,2,5,4,14,10,0.2,3.0
Alessio Gosso,ITA,6163,,6.0,1,1,0,0,0,0,0,2,4,8,11,5,0.4,6.0
Jake Tiger,CAN,1606,,6.0,4,4,0,0,0,0,0,1,8,3,32,20,0.05,1.5
Alexander Ledovskikh,UKR,5997,,6.0,1,1,0,0,0,0,0,0,1,0,4,5,0.0,6.0
Panayiotis Sotiris,GRE,5998,,6.0,1,1,0,0,0,0,0,0,1,0,4,5,0.0,6.0
Tomas Chicaiza,ECU,12740,175.0,6.0,1,1,0,0,0,0,0,0,0,0,0,5,0.0,6.0
Hongil Kim,KOR,2045,,6.0,1,1,0,0,0,0,0,2,3,10,10,5,0.4,6.0
Pietro Biagini,ITA,911,,6.0,1,1,0,0,0,0,0,0,4,0,11,5,0.0,6.0
Georgy Derkachev,RUS,83,,6.0,1,1,0,0,0,0,0,0,3,0,15,5,0.0,6.0
Konstantin Mitin,RUS,238,,6.0,3,3,0,0,0,0,0,2,8,5,28,15,0.13333333333333333,2.0
Erick Morales,GUA,4189,,6.0,1,1,0,0,0,0,0,0,1,0,4,5,0.0,6.0
Alex Pearlstein,USA,1821,,6.0,1,1,0,0,0,0,0,0,2,0,6,5,0.0,6.0
Scott Williams,CAN,1624,,6.0,1,1,0,0,0,0,0,0,1,0,4,5,0.0,6.0
José Alejandro Sauceda Rodríguez,MEX,13636,,5.66,2,2,0,0,0,0,0,0,1,0,1,10,0.0,2.83
Pietro Vidi,ITA,12815,,5.66,2,2,0,0,0,0,0,2,5,9,14,10,0.2,2.83
Lasse Von Freier,GER,3778,,5.5,2,2,0,0,0,0,0,0,8,0,24,10,0.0,2.75
Noah Ridge,USA,1723,,5.5,1,1,0,0,0,0,0,1,4,3,9,5,0.2,5.5
Luca Baltensperger,SUI,4794,,5.5,1,1,0,0,0,0,0,1,3,1,3,5,0.2,5.5
Sadra Torkamanboutorabi,IRI,3508,,5.5,3,3,0,0,0,0,0,1,8,5,51,15,0.06666666666666667,1.8333333333333333
Mohammadamin Yazdizad,IRI,3548,,5.5,3,3,0,0,0,0,0,1,3,7,21,15,0.06666666666666667,1.8333333333333333
Alexander Vasilets,BLR,4880,,5.0,1,1,0,0,0,0,0,0,3,0,5,5,0.0,5.0
Alexander Maslov,RUS,4879,,5.0,1,1,0,0,0,0,0,1,4,2,6,5,0.2,5.0
Oleg Pokusaiev,UKR,1475,,5.0,1,1,0,0,0,0,0,2,4,9,15,5,0.4,5.0
Amiad Lipman,ISR,4016,,5.0,2,2,0,0,0,0,0,1,4,2,21,10,0.1,2.5
Taito Nakagami,JPN,2306,,5.0,1,1,0,0,0,0,0,3,5,10,16,5,0.6,5.0
Ned Middlehurst,AUS,2519,,5.0,3,3,0,0,0,0,0,1,7,3,21,15,0.06666666666666667,1.6666666666666667
Sergej Epih,SLO,5033,,5.0,1,1,0,0,0,0,0,0,2,0,4,5,0.0,5.0
Adam Ludford,RSA,1060,,5.0,2,2,0,0,0,0,0,0,4,0,18,10,0.0,2.5
Laurenz Rudigier,AUT,4827,,5.0,2,2,0,0,0,0,0,0,4,0,29,10,0.0,2.5
Hayato Nakamura,JPN,2333,,5.0,1,1,0,0,0,0,0,0,1,0,1,5,0.0,5.0
Alexey Ilin,RUS,4878,,5.0,1,1,0,0,0,0,0,1,2,1,4,5,0.2,5.0
Egor Kryachkov,RUS,96,,5.0,1,1,0,0,0,0,0,1,3,1,9,5,0.2,5.0
Lucas Pedroza Diaz De León,MEX,11211,,5.0,2,2,0,0,0,0,0,0,3,0,12,10,0.0,2.5
Leto Cavé,NED,3596,165.0,5.0,3,3,0,0,0,0,0,1,8,6,34,15,0.06666666666666667,1.6666666666666667
Mandeep Kodan,IND,2650,,5.0,1,1,0,0,0,0,0,0,0,0,0,5,0.0,5.0
Mrityunjay Sharma,IND,2655,,5.0,1,1,0,0,0,0,0,0,1,0,2,5,0.0,5.0
Franklin Cardenas Vicente,PER,11652,,5.0,1,1,0,0,0,0,0,0,0,0,0,5,0.0,5.0
Mark Chan Chong Kiat,SGP,3651,,5.0,4,4,0,0,0,0,0,1,6,3,21,20,0.05,1.25
Rosen Ruev,BUL,12456,,4.91,5,5,0,0,0,0,0,1,6,4,19,25,0.04,0.982
Jean Ouriques,BRA,3147,,4.91,3,3,0,0,0,0,0,1,7,4,21,15,0.06666666666666667,1.6366666666666667
Leopold Fischer,AUT,6054,,4.5,1,1,0,0,0,0,0,1,2,2,4,5,0.2,4.5
Theodoros Konstantakopoulos,GRE,4812,,4.5,3,3,0,0,0,0,0,0,5,0,14,15,0.0,1.5
Erick Córdova A.,HON,6455,,4.5,1,1,0,0,0,0,0,0,2,0,6,5,0.0,4.5
Imashi Hashimoto,JPN,4980,,4.5,1,1,0,0,0,0,0,0,1,0,2,5,0.0,4.5
Ádám Bakurecz,HUN,2191,,4.5,2,2,0,0,0,0,0,0,5,0,27,10,0.0,2.25
Davide Marco Colombo,ITA,953,,4.33,1,1,0,0,0,0,0,0,4,0,11,5,0.0,4.33
Ignacio Fuertes Olles,ESP,5901,,4.0,1,1,0,0,0,0,0,0,2,0,3,5,0.0,4.0
Ryan Scurfield,USA,6401,,4.0,1,1,0,0,0,0,0,2,4,7,4,5,0.4,4.0
Adrian Chmiala,POL,2854,,4.0,1,1,0,0,0,0,0,2,4,3,8,5,0.4,4.0
Sam Lavender,AUS,2514,,4.0,4,4,0,0,0,0,0,0,10,0,46,20,0.0,1.0
Alexey Panfilov,KAZ,3367,,4.0,3,3,0,0,0,0,0,0,6,0,25,15,0.0,1.3333333333333333
Yongchen Chen,CHN,11382,,4.0,2,2,0,0,0,0,0,1,6,3,20,10,0.1,2.0
Luis Gerhardt,GER,6420,,4.0,1,1,0,0,0,0,0,2,3,8,8,5,0.4,4.0
Ivaylo Krastev,BUL,4715,,4.0,1,1,0,0,0,0,0,0,3,0,18,5,0.0,4.0
Pierre Eric Goudal,FRA,4708,,4.0,1,1,0,0,0,0,0,1,4,4,8,5,0.2,4.0
Nikolai Michurov,RUS,138,,4.0,2,2,0,0,0,0,0,2,6,6,22,10,0.2,2.0
Chase Gatland,NZL,3727,,4.0,5,5,0,0,0,0,0,1,10,4,33,25,0.04,0.8
Bozhidar Lyubenov,BUL,2423,,4.0,3,3,0,0,0,0,0,1,7,4,24,15,0.06666666666666667,1.3333333333333333
Ignacio Bilmes,ARG,6118,,4.0,1,1,0,0,0,0,0,0,3,0,8,5,0.0,4.0
Jun Shibanuma,JPN,2345,,4.0,1,1,0,0,0,0,0,0,2,0,2,5,0.0,4.0
Jiun-Jie Tzeng ,TPE,2140,,4.0,1,1,0,0,0,0,0,0,1,0,2,5,0.0,4.0
Moritz Waldleben,SUI,2789,,4.0,1,1,0,0,0,0,0,2,2,4,4,5,0.4,4.0
Sufriyanto Rindi,INA,3276,,4.0,1,1,0,0,0,0,0,0,1,0,4,5,0.0,4.0
David Fitzgerald,IRL,2615,,4.0,1,1,0,0,0,0,0,1,2,1,2,5,0.2,4.0
Yerzhan Beisembayev,KAZ,3368,,4.0,1,1,0,0,0,0,0,0,1,0,3,5,0.0,4.0
Melle Vroom,NED,6080,,4.0,1,1,0,0,0,0,0,0,4,0,4,5,0.0,4.0
Maxwell Ayrton,GBR,745,,3.66,3,3,0,0,0,0,0,3,9,8,22,15,0.2,1.22
Benjamin Viberg,DEN,4902,,3.5,1,1,0,0,0,0,0,0,2,0,6,5,0.0,3.5
Bence Gál,HUN,4751,,3.5,1,1,0,0,0,0,0,1,3,7,10,5,0.2,3.5
Wolter Westdijk,NED,6081,,3.5,1,1,0,0,0,0,0,0,3,0,9,5,0.0,3.5
Martin Mayer,GER,6197,,3.5,1,1,0,0,0,0,0,0,2,0,3,5,0.0,3.5
Piotr Schab,POL,2851,,3.5,1,1,0,0,0,0,0,1,2,2,4,5,0.2,3.5
Or Miniely,ISR,4003,,3.5,2,2,0,0,0,0,0,1,4,3,8,10,0.1,1.75
Zoltán Komjáti,HUN,2177,,3.5,2,2,0,0,0,0,0,2,4,8,8,10,0.2,1.75
Anton Sviridov,RUS,121,,3.5,1,1,0,0,0,0,0,1,4,2,15,5,0.2,3.5
Andrew Funk,CAN,6392,,3.33,1,1,0,0,0,0,0,0,2,0,3,5,0.0,3.33
Romain Desgranges,FRA,437,,3.33,2,2,0,0,0,0,0,2,6,7,22,10,0.2,1.665
Gediminas  Monastyreckis ,LTU,6247,,3.0,1,1,0,0,0,0,0,0,2,0,6,5,0.0,3.0
Andreas Aufschnaiter,AUT,1238,,3.0,1,1,0,0,0,0,0,1,4,5,15,5,0.2,3.0
Patryk Moskal,POL,6119,,3.0,1,1,0,0,0,0,0,0,1,0,3,5,0.0,3.0
Bogdan Rus,ROU,5841,,3.0,3,3,0,0,0,0,0,1,5,3,20,15,0.06666666666666667,1.0
Roman Kucera,CZE,1365,,3.0,6,6,0,0,0,0,0,4,9,15,28,30,0.13333333333333333,0.5
Samuel Ometz,SUI,6422,,3.0,1,1,0,0,0,0,0,1,2,2,5,5,0.2,3.0
Markus Grünebach,GER,4981,,3.0,1,1,0,0,0,0,0,0,1,0,1,5,0.0,3.0
Dimitrios Sparis,GRE,6198,,3.0,1,1,0,0,0,0,0,0,0,0,0,5,0.0,3.0
David Piccolruaz,ITA,924,,3.0,2,2,0,0,0,0,0,3,6,6,18,10,0.3,1.5
Falco Filotto,BOT,4442,,3.0,3,3,0,0,0,0,0,3,10,7,18,15,0.2,1.0
Ivo Häfliger,SUI,6246,,3.0,1,1,0,0,0,0,0,1,2,5,6,5,0.2,3.0
Marek Jeliga,CZE,1437,171.0,3.0,3,3,0,0,0,0,0,1,6,5,24,15,0.06666666666666667,1.0
Seymur Camalzade,AZE,6154,,3.0,1,1,0,0,0,0,0,0,0,0,0,5,0.0,3.0
Seongmin Eom,KOR,2065,,3.0,1,1,0,0,0,0,0,2,3,2,9,5,0.4,3.0
Pedro  Avelar,BRA,3153,,3.0,2,2,0,0,0,0,0,0,1,0,4,10,0.0,1.5
Ode Rifaldi Ridjaya,INA,11454,,3.0,4,4,0,0,0,0,0,0,10,0,35,20,0.0,0.75
Donghyeon Kim,KOR,2094,,3.0,1,1,0,0,0,0,0,1,2,3,4,5,0.2,3.0
Nazaret Calvente Santana,ESP,799,,3.0,2,2,0,0,0,0,0,2,5,5,12,10,0.2,1.5
Saeed Safari,IRI,3499,,3.0,2,2,0,0,0,0,0,0,2,0,7,10,0.0,1.5
Zohrab Shahbalaye,AZE,4399,,3.0,1,1,0,0,0,0,0,0,0,0,0,5,0.0,3.0
Remo Lehmann,SUI,4322,,3.0,1,1,0,0,0,0,0,0,2,0,5,5,0.0,3.0
Pawel Jelonek,POL,6421,,3.0,1,1,0,0,0,0,0,1,3,2,12,5,0.2,3.0
Matthew Storer,AUS,5859,,3.0,1,1,0,0,0,0,0,1,2,1,3,5,0.2,3.0
Alessandro Gandolfo,ITA,5317,,3.0,1,1,0,0,0,0,0,2,3,8,9,5,0.4,3.0
Arnaud Ansion,BEL,327,,3.0,5,5,0,0,0,0,0,4,7,10,14,25,0.16,0.6
Mark Scanlon,IRL,2601,,2.66,2,2,0,0,0,0,0,0,3,0,12,10,0.0,1.33
Petro Markevych,UKR,4620,,2.66,1,1,0,0,0,0,0,0,3,0,12,5,0.0,2.66
Terence Saramandif,MRI,12915,176.0,2.66,1,1,0,0,0,0,0,0,0,0,0,5,0.0,2.66
William Pair,USA,6402,,2.66,1,1,0,0,0,0,0,0,1,0,3,5,0.0,2.66
Matus Kostka,SVK,4825,,2.66,1,1,0,0,0,0,0,0,3,0,5,5,0.0,2.66
Dmitri Karaman,CAN,6395,,2.5,1,1,0,0,0,0,0,0,1,0,1,5,0.0,2.5
Guy Lifshitz,ISR,4013,,2.5,2,2,0,0,0,0,0,0,0,0,0,10,0.0,1.25
Jorge Loredo Duran,MEX,13635,,2.0,1,1,0,0,0,0,0,0,2,0,7,5,0.0,2.0
Cingiz Tagizade,AZE,6165,,2.0,2,2,0,0,0,0,0,0,3,0,10,10,0.0,1.0
Mats Habermann,GER,6423,,2.0,1,1,0,0,0,0,0,1,3,1,6,5,0.2,2.0
Lukas Schnöller,AUT,6164,,2.0,1,1,0,0,0,0,0,0,1,0,1,5,0.0,2.0
Danny Valencia,ECU,3213,,2.0,4,4,0,0,0,0,0,1,10,4,36,20,0.05,0.5
Jongseok Son,KOR,2084,178.0,2.0,1,1,0,0,0,0,0,0,2,0,7,5,0.0,2.0
Oleg Peysakhovich,RUS,206,,2.0,1,1,0,0,0,0,0,1,3,2,8,5,0.2,2.0
Bernhard Röck,AUT,1228,,2.0,1,1,0,0,0,0,0,1,2,5,7,5,0.2,2.0
Nicolai Schaffarczik,GER,5981,,2.0,1,1,0,0,0,0,0,1,3,2,4,5,0.2,2.0
Leo Ketil Bøe,NOR,3066,,2.0,1,1,0,0,0,0,0,1,4,4,12,5,0.2,2.0
Oldrich Klapal,CZE,1415,,2.0,3,3,0,0,0,0,0,1,6,1,12,15,0.06666666666666667,0.6666666666666666
Thibaut Mauron,SUI,4951,,2.0,1,1,0,0,0,0,0,1,2,2,3,5,0.2,2.0
Thomas Schmid,SUI,5517,,2.0,1,1,0,0,0,0,0,1,3,2,6,5,0.2,2.0
Ivan Pevec,CRO,3038,,2.0,2,2,0,0,0,0,0,2,3,3,5,10,0.2,1.0
Clement Ozun,FRA,525,,2.0,1,1,0,0,0,0,0,1,3,5,8,5,0.2,2.0
Arian Boszotta,AUT,4829,,2.0,2,2,0,0,0,0,0,0,1,0,2,10,0.0,1.0
Jakub Zietek,POL,2894,175.0,2.0,3,3,0,0,0,0,0,1,7,4,24,15,0.06666666666666667,0.6666666666666666
Yan Jakob,SUI,11501,,2.0,1,1,0,0,0,0,0,1,2,8,8,5,0.2,2.0
Juergen Moosbrugger,AUT,5980,,2.0,1,1,0,0,0,0,0,1,3,1,6,5,0.2,2.0
Nichol Tomas,THA,3940,,2.0,1,1,0,0,0,0,0,0,1,0,3,5,0.0,2.0
Seungwoon Cho,KOR,2042,,2.0,3,3,0,0,0,0,0,1,4,2,7,15,0.06666666666666667,0.6666666666666666
Gergő Vályi ,HUN,2203,,2.0,2,2,0,0,0,0,0,2,3,7,9,10,0.2,1.0
Alessandro Santoni,ITA,861,,2.0,1,1,0,0,0,0,0,1,1,2,2,5,0.2,2.0
Bryan Mérida,GUA,6461,,2.0,1,1,0,0,0,0,0,0,1,0,2,5,0.0,2.0
Lluc Macià Llobet,ESP,838,194.0,2.0,2,2,0,0,0,0,0,0,4,0,15,10,0.0,1.0
András Király ,HUN,2173,,2.0,2,2,0,0,0,0,0,0,3,0,12,10,0.0,1.0
Benjamin Fenton,CAN,6396,,2.0,1,1,0,0,0,0,0,0,0,0,0,5,0.0,2.0
George Sanders,NZL,3728,,1.66,4,4,0,0,0,0,0,0,2,0,11,20,0.0,0.415
Joris Leipus,LTU,4378,179.0,1.66,5,5,0,0,0,0,0,1,7,4,28,25,0.04,0.33199999999999996
Yongsu Lee,KOR,2076,,1.5,1,1,0,0,0,0,0,0,0,0,0,5,0.0,1.5
Anton Young Hong Nielsen,DEN,3861,,1.0,2,2,0,0,0,0,0,0,3,0,13,10,0.0,0.5
Aliaksandr Kliuzhau,BLR,3443,,1.0,1,1,0,0,0,0,0,0,1,0,6,5,0.0,1.0
Nikita Logunov,BLR,3436,,1.0,1,1,0,0,0,0,0,0,1,0,6,5,0.0,1.0
István Ágh,HUN,4828,,1.0,1,1,0,0,0,0,0,0,2,0,7,5,0.0,1.0
Amir Maimuratov,KAZ,3362,182.0,1.0,2,2,0,0,0,0,0,0,0,0,0,10,0.0,0.5
Or Wechsler,ISR,3982,,1.0,1,1,0,0,0,0,0,1,1,3,3,5,0.2,1.0
Ryan Withey,USA,6404,,1.0,1,1,0,0,0,0,0,0,1,0,8,5,0.0,1.0
Samuel Carlos   Da Silva,BRA,12018,,1.0,1,1,0,0,0,0,0,0,1,0,7,5,0.0,1.0
Vin Sukapanpotharam,THA,11855,,1.0,1,1,0,0,0,0,0,0,3,0,17,5,0.0,1.0
Jakob Heber Norum,NOR,6192,,1.0,1,1,0,0,0,0,0,1,2,1,7,5,0.2,1.0
Pedro Egg,BRA,11881,,1.0,1,1,0,0,0,0,0,0,1,0,6,5,0.0,1.0
Mykola Silevych,UKR,1525,,1.0,4,4,0,0,0,0,0,1,5,3,25,20,0.05,0.25
Matthew Wellington,CAN,1581,,1.0,1,1,0,0,0,0,0,1,4,2,8,5,0.2,1.0
Vojtech Trojan,CZE,1384,,1.0,2,2,0,0,0,0,0,2,5,11,15,10,0.2,0.5
Dömötör Széll,HUN,5986,,1.0,1,1,0,0,0,0,0,0,0,0,0,5,0.0,1.0
Paul Stadlober,AUT,5776,,1.0,1,1,0,0,0,0,0,0,2,0,3,5,0.0,1.0
Louis Guignard,SUI,3252,,1.0,1,1,0,0,0,0,0,1,2,8,9,5,0.2,1.0
Sebastian Halenke,GER,3125,177.0,1.0,1,1,0,0,0,0,0,1,4,1,7,5,0.2,1.0
Jerome González Gutiérrez,ESP,786,,1.0,3,3,0,0,0,0,0,3,8,12,30,15,0.2,0.3333333333333333
Aspar Aspar,INA,3278,,1.0,5,5,0,0,0,0,0,2,5,10,14,25,0.08,0.2
Johannes Egger,ITA,11481,179.0,1.0,1,1,0,0,0,0,0,0,3,0,11,5,0.0,1.0
Dylan Barks,USA,10489,,1.0,2,2,0,0,0,0,0,2,6,8,12,10,0.2,0.5
Dmitrii Popov,RUS,185,,1.0,2,2,0,0,0,0,0,1,3,7,14,10,0.1,0.5
Farkas Sikter,HUN,5985,,1.0,1,1,0,0,0,0,0,0,0,0,0,5,0.0,1.0
Albert  Ilsaas Suthurst,NOR,3084,,1.0,1,1,0,0,0,0,0,0,2,0,8,5,0.0,1.0
Iris Manuel Matamoros Quero,ESP,7450,,1.0,1,1,0,0,0,0,0,0,3,0,7,5,0.0,1.0
Muhammad Taqiuddin Bin Mohd Zulkifli,MAS,3344,,1.0,1,1,0,0,0,0,0,0,2,0,5,5,0.0,1.0
Marvin Silva Kühne,SUI,6327,,1.0,1,1,0,0,0,0,0,1,2,1,6,5,0.2,1.0
Toru Kofukuda,JPN,2308,,1.0,1,1,0,0,0,0,0,1,5,2,11,5,0.2,1.0
Vladislav Budnik,RUS,11530,,1.0,1,1,0,0,0,0,0,0,3,0,6,5,0.0,1.0
Joshua Damasco,AUS,2530,174.0,1.0,3,3,0,0,0,0,0,0,4,0,10,15,0.0,0.3333333333333333
Kristoffer Lindbäck,SWE,2687,,0.66,5,5,0,0,0,0,0,2,12,10,35,25,0.08,0.132
Boyko Lalov,BUL,5510,,0.66,1,1,0,0,0,0,0,1,4,2,8,5,0.2,0.66
Lucas Gaona,CHI,6286,,0.66,1,1,0,0,0,0,0,1,3,1,5,5,0.2,0.66
Martin Penkov,BUL,2427,,0.66,3,3,0,0,0,0,0,0,5,0,14,15,0.0,0.22
Jakob Elliott,CAN,1681,,0.66,2,2,0,0,0,0,0,1,3,2,10,10,0.1,0.33
Kye Wotton,CAN,1686,,0.57,2,2,0,0,0,0,0,0,0,0,0,10,0.0,0.285
Tyler Fleury,NZL,3726,,0.57,2,2,0,0,0,0,0,0,0,0,0,10,0.0,0.285
Samuel Munday,NZL,3736,,0.57,2,2,0,0,0,0,0,0,1,0,1,10,0.0,0.285
Louis Gundolf,AUT,1277,,0.5,1,1,0,0,0,0,0,0,2,0,4,5,0.0,0.5
Love  Ymer Alber,SWE,2677,,0.5,2,2,0,0,0,0,0,0,3,0,5,10,0.0,0.25
Anton Kukhar,UKR,1519,,0.5,5,5,0,0,0,0,0,0,2,0,10,25,0.0,0.1
Christopher Smith,USA,1796,,0.5,3,3,0,0,0,0,0,0,0,0,0,15,0.0,0.16666666666666666
Károly-Csaba Szőcs,ROU,2728,175.0,0.5,5,5,0,0,0,0,0,0,3,0,3,25,0.0,0.1
Ti̇mur Taş,TUR,13122,,0.0,1,1,0,0,0,0,0,0,0,0,0,5,0.0,0.0
Maksim Lind,EST,4434,,0.0,2,2,0,0,0,0,0,0,0,0,0,10,0.0,0.0
Tommi Haapala,FIN,11452,,0.0,2,2,0,0,0,0,0,0,1,0,2,10,0.0,0.0
Yarden Pilpel,ISR,4001,,0.0,2,2,0,0,0,0,0,0,2,0,16,10,0.0,0.0
David Zavacky,SVK,11531,,0.0,1,1,0,0,0,0,0,0,0,0,0,5,0.0,0.0
Cristian Lanuza,GUA,4192,,0.0,1,1,0,0,0,0,0,0,0,0,0,5,0.0,0.0
Keit Nurga,EST,11520,,0.0,1,1,0,0,0,0,0,0,0,0,0,5,0.0,0.0
Davoud Rekabi,IRI,5022,,0.0,1,1,0,0,0,0,0,0,1,0,3,5,0.0,0.0
Sarunas Oberauskas,LTU,11528,,0.0,1,1,0,0,0,0,0,0,0,0,0,5,0.0,0.0
Jonas Leffeck,BRA,10482,,0.0,1,1,0,0,0,0,0,0,1,0,9,5,0.0,0.0
Yaroslav Tkach,UKR,1511,182.0,0.0,1,1,0,0,0,0,0,0,1,0,6,5,0.0,0.0
Jacek Matuszek,POL,5844,,0.0,1,1,0,0,0,0,0,0,1,0,8,5,0.0,0.0
Mario Lackner,AUT,5860,,0.0,1,1,0,0,0,0,0,0,0,0,0,5,0.0,0.0
Leonardo Gontero,ITA,856,,0.0,1,1,0,0,0,0,0,0,0,0,0,5,0.0,0.0
Hritik Marne,IND,2658,,0.0,3,3,0,0,0,0,0,0,4,0,16,15,0.0,0.0
Milos Nemy,SVK,2777,177.0,0.0,4,4,0,0,0,0,0,1,4,4,26,20,0.05,0.0
Vlad Cristian,ROU,11529,,0.0,1,1,0,0,0,0,0,0,0,0,0,5,0.0,0.0
Markus Muinonen,FIN,11522,,0.0,1,1,0,0,0,0,0,0,1,0,5,5,0.0,0.0
Elias Edvardsen,DEN,3853,,0.0,2,2,0,0,0,0,0,0,4,0,21,10,0.0,0.0
Yuki Najima,JPN,2392,,0.0,1,1,0,0,0,0,0,0,1,0,1,5,0.0,0.0
Rasmus Hüdsi,EST,4436,,0.0,1,1,0,0,0,0,0,0,2,0,17,5,0.0,0.0
Jakub Jiri Svub,SVK,2762,,0.0,2,2,0,0,0,0,0,1,2,5,9,10,0.1,0.0
Alfian Muhammad Fajri,INA,3270,,0.0,4,4,0,0,0,0,0,0,4,0,21,20,0.0,0.0
Dzmitry Nikanorau,BLR,11457,178.0,0.0,2,2,0,0,0,0,0,0,1,0,2,10,0.0,0.0
Thomas Salakenos,BEL,319,,0.0,3,3,0,0,0,0,0,0,6,0,33,15,0.0,0.0
João Evora,POR,3781,,0.0,4,4,0,0,0,0,0,1,7,4,22,20,0.05,0.0
Nikolai Morozov,RUS,239,,0.0,1,1,0,0,0,0,0,0,2,0,10,5,0.0,0.0
Long Cao,CHN,11414,,0.0,1,1,0,0,0,0,0,0,1,0,7,5,0.0,0.0
Vivian Fumeaux,SUI,4327,,0.0,1,1,0,0,0,0,0,0,2,0,7,5,0.0,0.0
Ching Huei Chang,TPE,2148,,0.0,2,2,0,0,0,0,0,0,2,0,7,10,0.0,0.0
Semen Ovchinnikov,RUS,173,172.0,0.0,1,1,0,0,0,0,0,0,2,0,12,5,0.0,0.0
Vladislav Shevchenko,RUS,172,,0.0,1,1,0,0,0,0,0,0,0,0,0,5,0.0,0.0
Artem Paukaiev,UKR,1544,,0.0,1,1,0,0,0,0,0,0,0,0,0,5,0.0,0.0
Maksim Nikifaravets,BLR,3435,,0.0,1,1,0,0,0,0,0,0,2,0,8,5,0.0,0.0
Samuel Wingardh,SWE,2678,,0.0,1,1,0,0,0,0,0,0,2,0,5,5,0.0,0.0
Nadav Gropper,ISR,4027,,0.0,2,2,0,0,0,0,0,0,1,0,3,10,0.0,0.0
Mohd Izzat Mohd Shokor,MAS,3348,,0.0,1,1,0,0,0,0,0,0,3,0,15,5,0.0,0.0
Sirapob Jirajaturapak,THA,3939,,0.0,1,1,0,0,0,0,0,0,1,0,1,5,0.0,0.0
Jonas Utelli,SUI,3883,,0.0,1,1,0,0,0,0,0,0,2,0,3,5,0.0,0.0
 Ionut-Cosmin Atomei,ROU,11453,,0.0,2,2,0,0,0,0,0,0,2,0,10,10,0.0,0.0
Szymon Pecikiewicz,POL,2865,,0.0,2,2,0,0,0,0,0,1,2,5,8,10,0.1,0.0
Olaf Malinowski,POL,2874,,0.0,1,1,0,0,0,0,0,0,2,0,7,5,0.0,0.0
Aliaksandr Ivanou,BLR,3440,,0.0,4,4,0,0,0,0,0,0,5,0,18,20,0.0,0.0
Manuel Filipe Carvalho,POR,3791,,0.0,2,2,0,0,0,0,0,0,2,0,11,10,0.0,0.0
Ricardo Coimbra,POR,3786,,0.0,3,3,0,0,0,0,0,1,5,3,22,15,0.06666666666666667,0.0
Tomas Duchon,CZE,1443,,0.0,1,1,0,0,0,0,0,0,0,0,0,5,0.0,0.0
Max Ayrton,GBR,655,,0.0,1,1,0,0,0,0,0,0,0,0,0,5,0.0,0.0
Jakub Jedlicka,CZE,1403,,0.0,5,5,0,0,0,0,0,1,7,5,26,25,0.04,0.0
Hristo Altanchev,BUL,2426,,0.0,2,2,0,0,0,0,0,0,2,0,2,10,0.0,0.0
Evgenii Zazulin,RUS,65,,0.0,1,1,0,0,0,0,0,0,2,0,6,5,0.0,0.0
Robert Luby,SVK,2769,,0.0,2,2,0,0,0,0,0,0,3,0,13,10,0.0,0.0
Sergei Bydtaev,RUS,103,,0.0,1,1,0,0,0,0,0,0,1,0,2,5,0.0,0.0
Pouya Shafenejad,IRI,3569,,0.0,2,2,0,0,0,0,0,1,3,1,5,10,0.1,0.0
Louis Bétrisey,SUI,4304,,0.0,1,1,0,0,0,0,0,1,3,3,7,5,0.2,0.0
Lasa Temi,INA,3280,,0.0,4,4,0,0,0,0,0,2,8,7,21,20,0.1,0.0
Aleksandr Shikov,RUS,109,,0.0,2,2,0,0,0,0,0,0,3,0,13,10,0.0,0.0
Csaba Szell,HUN,5987,,0.0,1,1,0,0,0,0,0,0,0,0,0,5,0.0,0.0
Tomi Salo,FIN,2808,176.0,0.0,3,3,0,0,0,0,0,0,3,0,11,15,0.0,0.0
Vasil Tasevski,MKD,3186,,0.0,1,1,0,0,0,0,0,0,0,0,0,5,0.0,0.0
Eduardo Mora Pariente,MEX,6103,,0.0,1,1,0,0,0,0,0,1,2,2,3,5,0.2,0.0
Rafal Halasa,POL,2849,,0.0,1,1,0,0,0,0,0,0,0,0,0,5,0.0,0.0
Mikael Suihkonen,FIN,2812,,0.0,2,2,0,0,0,0,0,0,1,0,5,10,0.0,0.0
Anghelo Bernal,COL,4231,,0.0,1,1,0,0,0,0,0,0,0,0,0,5,0.0,0.0
Robin Vicery,DEN,3849,,0.0,1,1,0,0,0,0,0,0,2,0,7,5,0.0,0.0
Santiago Christensen,ARG,3163,,0.0,1,1,0,0,0,0,0,0,0,0,0,5,0.0,0.0
Hannes Platon,SWE,7452,,0.0,1,1,0,0,0,0,0,0,1,0,2,5,0.0,0.0
Jorge Hernandez,COL,7451,,0.0,1,1,0,0,0,0,0,0,1,0,2,5,0.0,0.0
Fabian Förander,SWE,8861,,0.0,2,2,0,0,0,0,0,0,4,0,19,10,0.0,0.0
Christian Wagner,CHI,11837,,0.0,2,2,0,0,0,0,0,0,3,0,9,10,0.0,0.0
Valentin Sternik,ARG,3169,,0.0,1,1,0,0,0,0,0,0,1,0,6,5,0.0,0.0
Michail Volyrakis,GRE,13686,182.0,0.0,1,1,0,0,0,0,0,0,0,0,0,5,0.0,0.0
Vilks Kaspars,LAT,4156,185.0,0.0,2,2,0,0,0,0,0,0,1,0,1,10,0.0,0.0
Illia Bakhmet-Smolenskyi,UKR,11572,,0.0,1,1,0,0,0,0,0,0,2,0,17,5,0.0,0.0
Man-Hei Chung,HKG,11400,,0.0,1,1,0,0,0,0,0,0,1,0,6,5,0.0,0.0
Teodor Kirkebø,NOR,3100,,0.0,1,1,0,0,0,0,0,0,1,0,4,5,0.0,0.0
Ivan Luo,CAN,1690,170.0,0.0,1,1,0,0,0,0,0,0,1,0,8,5,0.0,0.0
Vasil Vassilev,BUL,12920,,0.0,1,1,0,0,0,0,0,0,0,0,0,5,0.0,0.0
Orfeas Tsiaousis,GRE,4119,171.0,0.0,3,3,0,0,0,0,0,0,1,0,11,15,0.0,0.0
Severin Curtis,RSA,7453,,0.0,1,1,0,0,0,0,0,0,0,0,0,5,0.0,0.0
Jovan Ivanov,MKD,5804,,0.0,1,1,0,0,0,0,0,0,1,0,4,5,0.0,0.0
Viktor Trpovski,MKD,3188,,0.0,3,3,0,0,0,0,0,0,0,0,0,15,0.0,0.0
Cesar Orjuela,COL,7454,,0.0,1,1,0,0,0,0,0,0,1,0,9,5,0.0,0.0
Yuval Saraf,ISR,3988,,0.0,1,1,0,0,0,0,0,0,0,0,0,5,0.0,0.0
David Zinsler,AUT,1340,,0.0,2,2,0,0,0,0,0,1,3,1,9,10,0.1,0.0
Per Ravlo-Caspersen,NOR,12439,,0.0,1,1,0,0,0,0,0,1,2,2,10,5,0.2,0.0
Christos Sofokleous,CYP,4248,,0.0,1,1,0,0,0,0,0,0,0,0,0,5,0.0,0.0
Matey Mitsev,BUL,2434,,0.0,1,1,0,0,0,0,0,1,2,3,5,5,0.2,0.0
Ilmari Piiroinen,FIN,2816,,0.0,1,1,0,0,0,0,0,1,2,3,11,5,0.2,0.0
Mel Janse Van Rensburg,RSA,1095,174.0,0.0,1,1,0,0,0,0,0,1,2,4,5,5,0.2,0.0
Maximilian Lenz,AUT,1332,,0.0,1,1,0,0,0,0,0,1,2,6,3,5,0.2,0.0
Matthaios Valsamidis,GRE,4125,175.0,0.0,4,4,0,0,0,0,0,1,5,4,24,20,0.05,0.0
Katleho Pobe,RSA,1055,,0.0,1,1,0,0,0,0,0,0,0,0,0,5,0.0,0.0
Michael Sifakis,GRE,4117,,0.0,1,1,0,0,0,0,0,0,0,0,0,5,0.0,0.0
Cheuk-Nam Wong,HKG,2240,,0.0,1,1,0,0,0,0,0,1,1,3,3,5,0.2,0.0
Manuel Guzman,COL,7457,,0.0,1,1,0,0,0,0,0,0,0,0,0,5,0.0,0.0
Jose Emilio De La Cruz Albarracin,PER,7456,,0.0,1,1,0,0,0,0,0,0,0,0,0,5,0.0,0.0
Yossi Ben Yossef,ISR,7455,,0.0,1,1,0,0,0,0,0,0,0,0,0,5,0.0,0.0
Alex Kiechle-Cornish,NZL,12292,,0.0,1,1,0,0,0,0,0,0,0,0,0,5,0.0,0.0
Rolf -Martin Bjørngaard,NOR,3062,,0.0,3,3,0,0,0,0,0,0,6,0,20,15,0.0,0.0
Alex Mendes Júnior,BRA,13106,171.0,0.0,1,1,0,0,0,0,0,0,0,0,0,5,0.0,0.0
Yevhen Tkachenko,UKR,1522,,0.0,1,1,0,0,0,0,0,0,2,0,6,5,0.0,0.0
Erik Ebler,SWE,6424,,0.0,2,2,0,0,0,0,0,1,2,6,7,10,0.1,0.0
Danilo Marchionne,ITA,906,,0.0,1,1,0,0,0,0,0,1,1,1,1,5,0.2,0.0
Jarred Jordan,AUS,2492,,0.0,1,1,0,0,0,0,0,1,1,1,1,5,0.2,0.0
Oliver Marx,RSA,1054,,0.0,2,2,0,0,0,0,0,0,4,0,11,10,0.0,0.0
Hector Mejia,GUA,4186,,0.0,1,1,0,0,0,0,0,0,1,0,1,5,0.0,0.0
Luis Chávez,GUA,4191,,0.0,1,1,0,0,0,0,0,0,1,0,1,5,0.0,0.0
Denver La Mont,USA,1841,,0.0,1,1,0,0,0,0,0,0,0,0,0,5,0.0,0.0
Oğuz Kaan Beğeç,TUR,4064,,0.0,1,1,0,0,0,0,0,0,1,0,3,5,0.0,0.0
Zorbey Aktuyun,TUR,4062,,0.0,3,3,0,0,0,0,0,1,4,4,13,15,0.06666666666666667,0.0
Andoni Esparta Frade,ESP,801,,0.0,1,1,0,0,0,0,0,0,1,0,12,5,0.0,0.0
Pjahns Romans,LAT,12437,,0.0,1,1,0,0,0,0,0,0,0,0,0,5,0.0,0.0
Theofanis-Ermis Theocharopoulos,GRE,11534,175.0,0.0,3,3,0,0,0,0,0,0,1,0,9,15,0.0,0.0
Ali Şen,TUR,4079,,0.0,1,1,0,0,0,0,0,0,2,0,12,5,0.0,0.0
Vanco Naunov,MKD,3187,,0.0,2,2,0,0,0,0,0,0,0,0,0,10,0.0,0.0
Sebastian Prieto Perilla,COL,4230,,0.0,2,2,0,0,0,0,0,0,0,0,0,10,0.0,0.0
 Gregory Raymond Borman,RSA,1059,,0.0,1,1,0,0,0,0,0,0,0,0,0,5,0.0,0.0
Peteris Meirans,LAT,4161,185.0,0.0,6,6,0,0,0,0,0,1,6,2,20,30,0.03333333333333333,0.0
Filip Donchev,BUL,2430,,0.0,1,1,0,0,0,0,0,0,1,0,3,5,0.0,0.0
Constantin Toma,ROU,2729,,0.0,1,1,0,0,0,0,0,0,4,0,14,5,0.0,0.0
Francisco Sanchez Trapes,ARG,6425,,0.0,1,1,0,0,0,0,0,1,1,6,6,5,0.2,0.0
Efe Can Sevil,TUR,4076,,0.0,4,4,0,0,0,0,0,0,3,0,6,20,0.0,0.0
Luka Kivela,CRO,3033,,0.0,1,1,0,0,0,0,0,0,1,0,1,5,0.0,0.0
Arda Kadir Uruluer,TUR,4068,,0.0,3,3,0,0,0,0,0,0,4,0,11,15,0.0,0.0
Abdulla Aldoseri,BRU,4444,,0.0,1,1,0,0,0,0,0,0,0,0,0,5,0.0,0.0
Anselm Oberdorfer,GER,4333,,0.0,1,1,0,0,0,0,0,3,3,11,5,5,0.6,0.0
Tristen Gosselin,CAN,1580,,0.0,1,1,0,0,0,0,0,1,4,2,7,5,0.2,0.0
Frederik Zeilberger Thulstrup,DEN,3852,,0.0,1,1,0,0,0,0,0,0,3,0,5,5,0.0,0.0
Ho Ron,SGP,3625,,0.0,1,1,0,0,0,0,0,0,4,0,6,5,0.0,0.0
Majid Shokatmoghadam,IRI,3519,,0.0,1,1,0,0,0,0,0,0,4,0,9,5,0.0,0.0
Grzegorz Karolak,POL,2836,,0.0,1,1,0,0,0,0,0,0,4,0,13,5,0.0,0.0
Baris Guvenc,TUR,6431,,0.0,1,1,0,0,0,0,0,0,0,0,0,5,0.0,0.0
Hossein Sadeghimahani,IRI,6430,,0.0,1,1,0,0,0,0,0,0,1,0,5,5,0.0,0.0
Michalis Ioannou,CYP,6429,,0.0,1,1,0,0,0,0,0,0,0,0,0,5,0.0,0.0
Alexander Ilin,KAZ,6428,,0.0,2,2,0,0,0,0,0,0,0,0,0,10,0.0,0.0
Rogelio Amil,ARG,6426,,0.0,1,1,0,0,0,0,0,0,1,0,4,5,0.0,0.0
Patrick Pedersen,NOR,3095,,0.0,1,1,0,0,0,0,0,0,0,0,0,5,0.0,0.0
İsmai̇l Ozturk,TUR,4074,,0.0,1,1,0,0,0,0,0,0,0,0,0,5,0.0,0.0
Ioannis-Filippos Noel-Baker,GRE,11636,182.0,0.0,1,1,0,0,0,0,0,1,2,1,4,5,0.2,0.0
Gaëtan Massonnet,SUI,4305,,0.0,1,1,0,0,0,0,0,0,1,0,2,5,0.0,0.0
Giuliano Cameroni,SUI,4324,,0.0,1,1,0,0,0,0,0,0,2,0,13,5,0.0,0.0
Balázs Bajusz,HUN,2195,,0.0,1,1,0,0,0,0,0,0,1,0,1,5,0.0,0.0
Thomas Holm Blaabjerg,DEN,3851,,0.0,3,3,0,0,0,0,0,1,7,3,18,15,0.06666666666666667,0.0
Karlo Čubrić,CRO,3041,,0.0,2,2,0,0,0,0,0,0,2,0,4,10,0.0,0.0
Krešimir Morić,CRO,3035,,0.0,2,2,0,0,0,0,0,1,2,1,6,10,0.1,0.0
Vladislav Angelov,BUL,2425,,0.0,3,3,0,0,0,0,0,0,4,0,14,15,0.0,0.0
Charalampos Gemenetzi,CYP,4247,,0.0,4,4,0,0,0,0,0,0,0,0,0,20,0.0,0.0
Paso Sivro,BIH,7468,,0.0,1,1,0,0,0,0,0,0,2,0,12,5,0.0,0.0
David Naude,RSA,1064,,0.0,1,1,0,0,0,0,0,0,0,0,0,5,0.0,0.0
Salih Mulaosmanovic ,BIH,7467,,0.0,1,1,0,0,0,0,0,0,0,0,0,5,0.0,0.0
Almatsgir Kvitsiani,GEO,2455,,0.0,1,1,0,0,0,0,0,0,0,0,0,5,0.0,0.0
Ilham Israfilov,AZE,7438,,0.0,1,1,0,0,0,0,0,0,0,0,0,5,0.0,0.0
Kire Serafimovski,MKD,5805,,0.0,1,1,0,0,0,0,0,0,1,0,6,5,0.0,0.0
Callum Hyland,AUS,2481,,0.0,1,1,0,0,0,0,0,0,2,0,2,5,0.0,0.0
Andres Quinteros,ECU,4952,,0.0,1,1,0,0,0,0,0,1,1,5,1,5,0.2,0.0
André Neres,POR,3780,,0.0,1,1,0,0,0,0,0,1,1,2,1,5,0.2,0.0
Kevin Huser,SUI,3248,,0.0,1,1,0,0,0,0,0,0,2,0,12,5,0.0,0.0
Obed Hardmeier,SUI,4308,,0.0,1,1,0,0,0,0,0,1,3,5,13,5,0.2,0.0
Muhammet Ali̇ Keski̇n,TUR,4091,,0.0,1,1,0,0,0,0,0,0,1,0,8,5,0.0,0.0
Galo  Hernandez,ECU,3222,,0.0,2,2,0,0,0,0,0,0,3,0,15,10,0.0,0.0
Ferhat Bekmez,TUR,12999,,0.0,1,1,0,0,0,0,0,0,0,0,0,5,0.0,0.0
Iman Arezeh,IRI,12981,177.0,0.0,1,1,0,0,0,0,0,0,0,0,0,5,0.0,0.0
Joshua Bruyns,RSA,12310,,0.0,2,2,0,0,0,0,0,0,1,0,11,10,0.0,0.0
Aaron Peñaranda,ECU,3214,171.0,0.0,1,1,0,0,0,0,0,0,0,0,0,5,0.0,0.0
Kostiantyn Pavlenko,UKR,1492,182.0,0.0,3,3,0,0,0,0,0,0,2,0,9,15,0.0,0.0
Daniel Beall,USA,1958,,0.0,1,1,0,0,0,0,0,0,2,0,5,5,0.0,0.0
David Trudeau,CAN,1643,,0.0,2,2,0,0,0,0,0,0,2,0,4,10,0.0,0.0
Tuukka Simonen,FIN,12460,,0.0,2,2,0,0,0,0,0,0,3,0,18,10,0.0,0.0
Daniel  Krulwich,ISR,4041,,0.0,1,1,0,0,0,0,0,0,2,0,11,5,0.0,0.0
Florian Wientjes,GER,2015,,0.0,1,1,0,0,0,0,0,1,1,3,1,5,0.2,0.0
Sarp Sahin,TUR,4073,,0.0,2,2,0,0,0,0,0,0,1,0,4,10,0.0,0.0
Muhammet Nuri̇ Aydemi̇r,TUR,4081,,0.0,1,1,0,0,0,0,0,0,0,0,0,5,0.0,0.0
Pavel Kratochvil,SVK,2768,,0.0,1,1,0,0,0,0,0,0,0,0,0,5,0.0,0.0
Dombrovskis Artūrs,LAT,4163,,0.0,2,2,0,0,0,0,0,0,0,0,0,10,0.0,0.0
Matin Bayat,IRI,3528,,0.0,1,1,0,0,0,0,0,0,2,0,6,5,0.0,0.0
"Weng Khit, Adriel Choo",SGP,6303,,0.0,1,1,0,0,0,0,0,0,1,0,1,5,0.0,0.0
Aziz Ftis,CRC,7437,,0.0,1,1,0,0,0,0,0,0,2,0,4,5,0.0,0.0
Shane Puccio,USA,6130,,0.0,1,1,0,0,0,0,0,0,3,0,8,5,0.0,0.0
Joaquin Piriz,ARG,3170,,0.0,2,2,0,0,0,0,0,0,1,0,3,10,0.0,0.0
Jakub Fábric,SVK,12508,185.0,0.0,1,1,0,0,0,0,0,0,1,0,3,5,0.0,0.0
Matias Ochoa Marcos,ARG,12054,,0.0,2,2,0,0,0,0,0,0,1,0,9,10,0.0,0.0
Martin Tekles,GER,3889,,0.0,1,1,0,0,0,0,0,1,2,5,6,5,0.2,0.0
Thomas Waldin,NZL,3737,,0.0,4,4,0,0,0,0,0,0,2,0,10,20,0.0,0.0
Igor Fojcik,POL,2859,,0.0,1,1,0,0,0,0,0,0,2,0,3,5,0.0,0.0
Matei Munteanu,ROU,12346,,0.0,1,1,0,0,0,0,0,0,1,0,2,5,0.0,0.0
Benjamin Ayala,CHI,3903,,0.0,2,2,0,0,0,0,0,0,3,0,10,10,0.0,0.0
Jonas Brandenburger,GER,2825,,0.0,1,1,0,0,0,0,0,0,3,0,15,5,0.0,0.0
Rowan Toselli,RSA,1094,,0.0,1,1,0,0,0,0,0,0,3,0,16,5,0.0,0.0
Mauro Naroska,GER,2826,,0.0,1,1,0,0,0,0,0,0,2,0,7,5,0.0,0.0
Anton Schramm,GER,4329,,0.0,2,2,0,0,0,0,0,1,4,5,12,10,0.1,0.0
Zeki Ozan Atasoy,TUR,4084,,0.0,1,1,0,0,0,0,0,0,0,0,0,5,0.0,0.0
Georgios Bernidakis,GRE,4115,,0.0,2,2,0,0,0,0,0,0,1,0,4,10,0.0,0.0
Rasmus Holm Eskildsen,DEN,3872,,0.0,1,1,0,0,0,0,0,0,0,0,0,5,0.0,0.0
Jinbin Huang,CHN,13594,,0.0,1,1,0,0,0,0,0,1,3,5,8,5,0.2,0.0
Jim Zeimes,LUX,2586,,0.0,2,2,0,0,0,0,0,0,1,0,6,10,0.0,0.0
Gustavo Gabriel Suarez Munne,ARG,3165,,0.0,3,3,0,0,0,0,0,0,1,0,3,15,0.0,0.0
Benjamin De Charmony,RSA,7436,,0.0,1,1,0,0,0,0,0,0,3,0,7,5,0.0,0.0
Nicolas Salaberry,ARG,10965,,0.0,2,2,0,0,0,0,0,0,1,0,6,10,0.0,0.0
Joseph Gifford,USA,1725,,0.0,1,1,0,0,0,0,0,1,2,1,5,5,0.2,0.0
Kalin Garbov,BUL,2416,,0.0,1,1,0,0,0,0,0,1,3,3,3,5,0.2,0.0
Filip Hromada,SVK,2787,,0.0,1,1,0,0,0,0,0,0,0,0,0,5,0.0,0.0
Wan I Lo,Macau,4439,,0.0,1,1,0,0,0,0,0,0,1,0,4,5,0.0,0.0
Tsun-Ting Ip,HKG,2223,,0.0,3,3,0,0,0,0,0,0,2,0,8,15,0.0,0.0
Victor Sebros,GRE,11533,180.0,0.0,2,2,0,0,0,0,0,0,1,0,6,10,0.0,0.0
Róbert Sántha,ROU,2730,,0.0,4,4,0,0,0,0,0,0,3,0,8,20,0.0,0.0
Samuel Stefanik,SVK,11766,170.0,0.0,1,1,0,0,0,0,0,0,0,0,0,5,0.0,0.0
Frede Rasmussen,DEN,12803,,0.0,1,1,0,0,0,0,0,0,0,0,0,5,0.0,0.0
Alexandru Olteanu,ROU,12857,178.0,0.0,1,1,0,0,0,0,0,0,0,0,0,5,0.0,0.0
Roman Sivakov,LTU,4391,,0.0,1,1,0,0,0,0,0,0,1,0,5,5,0.0,0.0
Ethan Hoffman,CAN,1663,,0.0,1,1,0,0,0,0,0,0,1,0,5,5,0.0,0.0
Oleksii Tytarenko,UKR,12665,,0.0,2,2,0,0,0,0,0,0,2,0,8,10,0.0,0.0
Tsz-Kiu Lau,HKG,11402,,0.0,1,1,0,0,0,0,0,0,1,0,8,5,0.0,0.0
Ignas Kisielius,LTU,4381,,0.0,2,2,0,0,0,0,0,1,3,4,10,10,0.1,0.0
Yuval Simhy,ISR,6427,,0.0,1,1,0,0,0,0,0,1,1,7,7,5,0.2,0.0
Colin Duffy,USA,1929,170.0,,10,17,5,2,1,0,0,41,68,132,176,78,0.5256410256410257,
Manuel Cornu,FRA,490,177.0,,35,65,22,8,1,0,2,156,249,416,545,295,0.5288135593220339,
Thilo Jeldrik Schröter,NOR,3061,,,20,22,2,0,0,0,0,37,69,83,150,108,0.3425925925925926,
Cheuk-Hei Ho,HKG,2219,,,11,11,0,0,0,0,0,9,31,41,147,55,0.16363636363636364,
Adam Ondra,CZE,1364,186.0,,24,66,23,19,7,6,3,220,263,434,458,288,0.7638888888888888,
Ties Vancraeynest,BEL,356,177.0,,2,2,0,0,0,0,0,1,2,6,11,10,0.1,
Peter Kuric,SVK,2767,175.0,,3,4,1,0,0,0,0,1,9,1,23,19,0.05263157894736842,
