,name,country,id,height,ranking_B,events_B,rounds_B,semis_B,finals_B,gold_B,silver_B,bronze_B,tops,zones,top_attempts,zone_attempts,boulders_attempted,top_percentage,ranking_per_event_B
0,Akiyo Noguchi,JPN,2253,167.0,61120.0,85,242,83,74,21,18,18,809,970,1297,1515,1053,0.768281101614435,719.0588235294117
1,Anna Stöhr,AUT,1211,,44686.33,63,174,59,52,21,10,9,573,705,1009,1087,759,0.7549407114624506,709.3068253968254
2,Shauna Coxsey,GBR,636,164.0,35602.75,51,144,49,44,11,12,7,463,566,783,891,627,0.7384370015948963,698.093137254902
3,Miho Nonaka,JPN,2294,163.0,28668.0,46,126,45,35,3,11,9,395,497,727,839,550,0.7181818181818181,623.2173913043479
4,Alex Puccio,USA,1710,,22926.25,39,107,39,29,2,5,8,334,417,560,637,467,0.715203426124197,587.8525641025641
5,Melissa Le Neve,FRA,454,,22839.0,53,122,48,21,0,4,6,348,483,533,725,541,0.6432532347504621,430.92452830188677
6,Katharina Saurwein,AUT,1209,,22311.91,68,136,54,14,1,2,0,331,504,615,873,612,0.5408496732026143,328.1163235294118
7,Juliane Wurm,GER,2823,,21894.83,44,106,40,22,3,2,6,326,420,584,671,468,0.6965811965811965,497.60977272727274
8,Petra Klingler,SUI,3246,162.0,20804.41,64,125,47,14,2,0,0,304,483,577,851,564,0.5390070921985816,325.06890625
9,Fanny Gibert,FRA,469,165.0,19601.5,50,103,39,14,0,3,3,271,394,544,743,462,0.5865800865800865,392.03
10,Janja Garnbret,SLO,1147,164.0,18715.0,21,62,21,20,14,4,0,246,258,411,369,269,0.9144981412639405,891.1904761904761
11,Mina Markovic,SLO,1122,,14586.99,39,84,32,13,2,1,0,223,315,392,500,375,0.5946666666666667,374.0253846153846
12,Stasa Gejo,SRB,3840,175.0,12964.5,31,72,27,14,0,0,4,190,274,388,462,319,0.5956112852664577,418.2096774193548
13,Monika Retschy,GER,2013,,11853.5,48,85,33,4,0,1,0,182,322,312,539,388,0.4690721649484536,246.94791666666666
14,Sol Sa,KOR,2047,,11692.5,44,84,37,3,0,0,0,194,311,426,670,380,0.5105263157894737,265.7386363636364
15,Mélanie Sandoz,FRA,443,,11640.83,49,83,30,4,1,0,0,189,308,326,497,381,0.49606299212598426,237.56795918367348
16,Jain Kim,KOR,2035,,11454.5,29,65,24,12,1,1,4,172,233,346,464,289,0.5951557093425606,394.98275862068965
17,Alex Johnson,USA,4755,,11242.0,30,59,22,7,2,2,0,153,235,263,370,266,0.575187969924812,374.73333333333335
18,Natalia Grossman,USA,1803,162.0,10986.5,15,39,13,11,8,2,1,137,161,271,278,171,0.8011695906432749,732.4333333333333
19,Anne-Laure Chevrier,FRA,439,,10708.0,36,70,30,4,0,0,0,154,259,249,407,316,0.4873417721518987,297.44444444444446
20,Katja Debevec,SLO,1130,173.0,10139.16,35,68,25,8,0,0,0,140,253,278,504,307,0.4560260586319218,289.6902857142857
21,Chloe Caulier,BEL,316,166.0,9650.82,47,73,24,2,0,1,0,172,276,366,543,339,0.5073746312684366,205.33659574468084
22,Natalija Gros,SLO,1119,,9487.0,20,49,18,11,0,2,1,143,186,197,260,216,0.6620370370370371,474.35
23,Yulia Abramchuk,RUS,43,,9347.0,22,51,19,10,0,2,3,152,196,245,296,226,0.672566371681416,424.8636363636364
24,Vera Zijlstra,NED,3578,,9108.16,75,102,26,1,0,0,0,182,356,409,768,483,0.37681159420289856,121.44213333333333
25,Cecile Avezou,FRA,427,,9001.32,34,63,24,5,0,0,0,144,225,245,375,286,0.5034965034965035,264.74470588235295
26,Chloé Graftiaux,BEL,309,,8890.0,19,43,18,6,2,1,1,124,172,180,242,191,0.6492146596858639,467.89473684210526
27,Futaba Ito,JPN,2357,162.0,8633.0,21,48,20,7,0,0,0,124,184,276,383,213,0.5821596244131455,411.0952380952381
28,Momoka Oda,JPN,2263,,8488.83,22,46,19,5,0,2,0,127,163,203,241,206,0.616504854368932,385.8559090909091
29,Aya Onoe,JPN,2268,,8166.5,37,65,24,4,0,0,0,136,214,282,426,297,0.45791245791245794,220.71621621621622
30,Jessica Pilz,AUT,1226,165.0,7895.0,22,47,19,6,0,0,1,125,183,276,353,210,0.5952380952380952,358.8636363636364
31,Brooke Raboutou,USA,1811,158.0,6571.0,18,35,11,6,0,1,4,98,137,203,261,158,0.620253164556962,365.05555555555554
32,Megan Mascarenas,USA,1768,,6479.16,14,33,12,7,2,0,2,90,123,152,198,146,0.6164383561643836,462.79714285714283
33,Anna Gallyamova,RUS,4761,,6453.0,24,46,18,4,0,0,1,121,172,245,315,208,0.5817307692307693,268.875
34,Leah Crane,GBR,632,,6381.66,32,50,17,1,0,0,0,95,170,167,290,232,0.40948275862068967,199.426875
35,Jenny Lavarda,ITA,848,,6224.0,26,46,16,4,0,0,0,113,171,235,301,210,0.5380952380952381,239.3846153846154
36,Berit Schwaiger,AUT,1223,,6198.33,32,53,21,0,0,0,0,108,183,229,356,244,0.4426229508196721,193.6978125
37,Olga Shalagina,UKR,4756,,5883.16,17,34,13,4,0,0,2,93,127,140,190,153,0.6078431372549019,346.06823529411764
38,Alannah Yip,CAN,1565,164.0,5771.5,30,48,17,1,0,0,0,89,175,185,331,222,0.4009009009009009,192.38333333333333
39,Michaela Tracy,GBR,635,,5603.5,23,39,15,1,0,0,0,92,152,204,327,179,0.5139664804469274,243.6304347826087
40,Sabine Bacher,AUT,1205,,5437.83,34,52,17,1,0,0,0,107,183,188,311,242,0.44214876033057854,159.93617647058824
41,Olga Bibik,RUS,41,,5355.49,20,37,15,2,0,0,0,95,140,141,188,168,0.5654761904761905,267.7745
42,Alma Bestvater,GER,4328,161.0,5303.91,32,47,12,3,0,0,0,92,172,220,394,220,0.41818181818181815,165.7471875
43,Katja Vidmar,SLO,1120,,5136.0,16,33,14,3,0,2,0,81,130,133,198,148,0.5472972972972973,321.0
44,Mina Leslie-Wujastyk,GBR,638,,5072.5,26,41,14,1,0,0,0,93,147,164,245,190,0.48947368421052634,195.09615384615384
45,Ekaterina Kipriianova,RUS,55,,5031.5,23,38,12,3,0,0,1,87,141,145,230,175,0.49714285714285716,218.7608695652174
46,Maud Ansade,FRA,4757,,4942.5,17,33,13,3,0,0,0,79,124,114,187,149,0.5302013422818792,290.7352941176471
47,Alexandra Balakireva,RUS,4758,,4810.5,17,32,14,1,1,0,0,83,127,125,194,145,0.5724137931034483,282.97058823529414
48,Oriane Bertone,FRA,11462,164.0,4770.0,10,23,8,5,0,3,0,59,94,122,167,102,0.5784313725490197,477.0
49,Franziska Sterrer,AUT,1240,169.0,4620.5,25,42,16,1,0,0,0,90,157,227,379,193,0.46632124352331605,184.82
50,Marine Thévenet,FRA,446,,4501.0,15,30,12,3,0,0,0,72,107,148,185,135,0.5333333333333333,300.06666666666666
51,Mei Kotake,JPN,2278,155.0,4484.0,24,40,14,2,0,0,0,78,129,204,271,184,0.42391304347826086,186.83333333333334
52,Julija Kruder,SLO,1137,,4463.33,27,41,12,2,0,0,0,74,151,165,318,191,0.387434554973822,165.30851851851853
53,Hannah Meul,GER,3113,167.0,4368.0,20,32,10,2,0,2,0,67,123,129,237,148,0.4527027027027027,218.4
54,Yana Chereshneva,RUS,58,,4285.0,14,28,11,3,0,0,0,75,109,124,197,126,0.5952380952380952,306.07142857142856
55,Kyra Condie,USA,1750,162.0,4203.0,22,32,8,2,0,0,0,72,122,229,274,150,0.48,191.04545454545453
56,Angelica Lind,SWE,2664,,4043.0,11,26,10,5,0,0,1,64,99,124,175,115,0.5565217391304348,367.54545454545456
57,Camilla Moroni,ITA,947,157.0,3927.5,12,25,10,3,0,1,0,68,94,193,262,112,0.6071428571428571,327.2916666666667
58,Johanna Färber,AUT,1243,171.0,3812.74,26,38,10,2,0,0,0,72,129,158,282,178,0.4044943820224719,146.64384615384614
59,Clementine Kaiser,FRA,460,,3810.0,21,32,9,2,0,0,0,67,115,101,172,149,0.44966442953020136,181.42857142857142
60,Sierra Blair-Coyle,USA,1714,,3696.5,30,41,11,0,0,0,0,73,136,191,268,194,0.37628865979381443,123.21666666666667
61,Ievgeniia Kazbekova,UKR,1486,164.0,3629.0,22,32,9,1,0,0,0,73,111,173,229,150,0.4866666666666667,164.95454545454547
62,Olga Iakovleva,RUS,44,,3626.16,14,24,9,1,0,1,0,62,92,131,179,110,0.5636363636363636,259.01142857142855
63,Mao Nakamura,JPN,2327,156.0,3487.5,17,29,11,1,0,0,0,55,99,139,223,133,0.41353383458646614,205.14705882352942
64,Angela Payne,USA,5879,,3477.83,13,25,10,2,0,0,0,55,94,120,188,113,0.48672566371681414,267.5253846153846
65,Afra Hönig,GER,3354,165.0,3466.25,30,40,9,1,0,0,0,65,138,146,292,190,0.34210526315789475,115.54166666666667
66,Diane Merrick,GBR,4763,,3351.6899999999996,43,51,7,1,0,0,0,73,166,147,324,247,0.29554655870445345,77.94627906976743
67,Barbara Bacher,AUT,1202,,3085.9,20,27,6,1,0,0,0,67,95,130,176,128,0.5234375,154.29500000000002
68,Andrea Kümin,SUI,3254,164.0,3055.5,22,29,5,2,0,0,1,58,110,131,212,138,0.42028985507246375,138.88636363636363
69,Hung Ying Lee,TPE,2139,,3008.0,30,39,9,0,0,0,0,76,139,200,329,186,0.40860215053763443,100.26666666666667
70,Karoline Sinnhuber,AUT,1225,,2826.0,20,29,8,1,0,0,0,48,95,104,206,136,0.35294117647058826,141.3
71,Lucka Rakovec,SLO,1160,170.0,2783.5,9,18,8,1,0,0,0,37,63,94,147,81,0.4567901234567901,309.27777777777777
72,Hannah Midtboe,NOR,3059,,2744.66,22,30,7,1,0,0,0,73,114,162,228,142,0.5140845070422535,124.75727272727272
73,Alizée Dufraisse,FRA,442,,2624.5,13,21,7,1,0,0,0,43,72,74,111,97,0.44329896907216493,201.8846153846154
74,Tatiana Shemulinkina ,RUS,50,,2565.0,16,23,7,0,0,0,0,52,89,122,180,108,0.48148148148148145,160.3125
75,Vita Lukan,SLO,1153,164.0,2506.5,12,20,7,1,0,0,0,46,68,124,162,92,0.5,208.875
76,Ayala Kerem,ISR,4017,163.0,2493.5,11,19,7,1,0,0,0,47,72,139,174,87,0.5402298850574713,226.6818181818182
77,Charlotte Durif,FRA,445,,2370.0,8,16,7,1,0,1,0,35,61,69,112,72,0.4861111111111111,296.25
78,Silvie Rajfova,CZE,1360,,2369.5,22,28,5,1,0,0,0,46,93,90,155,134,0.34328358208955223,107.70454545454545
79,Rebekka Stotz,SUI,3247,,2355.5,17,22,4,1,0,0,0,49,80,100,140,105,0.4666666666666667,138.55882352941177
80,Lilli  Kiesgen,GER,2795,,2326.5,21,26,5,0,0,0,0,45,91,99,183,125,0.36,110.78571428571429
81,Yuka Kobayashi,JPN,2251,,2313.16,12,19,7,0,0,0,0,35,65,67,127,88,0.3977272727272727,192.76333333333332
82,Katharina Posch,AUT,1222,,2242.33,13,21,8,0,0,0,0,43,74,105,163,97,0.44329896907216493,172.48692307692306
83,Julia Chanourdie,FRA,466,164.0,2241.25,13,22,7,2,0,0,0,35,73,77,144,101,0.3465346534653465,172.40384615384616
84,Kylie Cullen,USA,12537,165.0,2161.5,11,19,8,0,0,0,0,38,71,97,156,87,0.4367816091954023,196.5
85,Nanako Kura,JPN,2343,160.0,2142.75,20,26,6,0,0,0,0,43,92,99,189,124,0.3467741935483871,107.1375
86,Elena Krasovskaia,RUS,144,169.0,2069.49,14,21,5,2,0,0,0,37,70,96,162,98,0.37755102040816324,147.82071428571427
87,Dinara Fakhritdinova,RUS,68,152.0,2045.16,11,17,4,2,0,0,0,37,57,69,124,79,0.46835443037974683,185.92363636363638
88,Viktoriia Meshkova,RUS,147,161.0,2011.5,10,14,3,1,1,0,0,35,54,93,125,66,0.5303030303030303,201.15
89,Giorgia Tesio,ITA,914,165.0,1988.5,14,19,5,0,0,0,0,43,76,113,172,90,0.4777777777777778,142.03571428571428
90,Margo Hayes,USA,1753,,1947.0,15,23,7,1,0,0,0,42,75,97,174,107,0.3925233644859813,129.8
91,Mia Krampl,SLO,1161,163.0,1941.5,11,16,4,1,0,0,1,33,58,66,146,75,0.44,176.5
92,Alexandra Eyer,SUI,4535,,1891.5,11,17,5,1,0,0,0,36,68,59,88,79,0.45569620253164556,171.95454545454547
93,Johanna Ernst,AUT,1219,,1804.5,6,11,4,1,0,0,0,33,45,64,69,50,0.66,300.75
94,Chaehyun Seo,KOR,2080,163.0,1790.0,6,12,4,2,0,0,0,32,47,71,106,54,0.5925925925925926,298.3333333333333
95,Rong Jiang,CHN,2935,,1784.6599999999999,22,29,7,0,0,0,0,27,79,68,172,138,0.1956521739130435,81.12090909090908
96,Sandra Lettner,AUT,1270,161.0,1715.0,11,16,4,1,0,0,0,32,61,74,142,75,0.4266666666666667,155.9090909090909
97,Juliette Danion,FRA,5280,,1665.0,4,10,4,2,0,0,0,23,33,28,46,44,0.5227272727272727,416.25
98,Elnaz Rekabi,IRI,3465,,1653.5,14,19,5,0,0,0,0,36,69,91,157,90,0.4,118.10714285714286
99,Laura Rogora,ITA,928,152.0,1653.0,15,20,5,0,0,0,0,38,73,110,215,95,0.4,110.2
100,Elise Sethna,CAN,1568,,1612.83,17,22,5,0,0,0,0,21,54,40,111,105,0.2,94.87235294117647
101,Cloe Coscoy,USA,11813,,1590.0,6,12,6,0,0,0,0,27,43,70,108,54,0.5,265.0
102,Therese Johannesen,NOR,5788,,1579.5,6,11,5,0,0,0,0,31,45,55,65,50,0.62,263.25
103,Stacey Weldon,CAN,1557,,1565.66,11,16,5,0,0,0,0,19,46,40,97,75,0.25333333333333335,142.33272727272728
104,Tiffany Hensley,USA,5874,,1518.0,5,9,3,1,0,0,0,12,32,14,57,41,0.2926829268292683,303.6
105,Flavy Cohaut,FRA,553,,1492.0,12,16,4,0,0,0,0,32,60,94,147,76,0.42105263157894735,124.33333333333333
106,Elizabeth Asher,USA,5295,,1485.5,8,14,6,0,0,0,0,22,50,51,113,64,0.34375,185.6875
107,Emily Phillips,GBR,693,170.0,1402.1599999999999,12,17,5,0,0,0,0,29,57,60,124,80,0.3625,116.84666666666665
108,Meagan Martin,USA,1708,,1304.25,14,19,5,0,0,0,0,22,58,68,157,90,0.24444444444444444,93.16071428571429
109,Sofya Yokoyama,SUI,4260,,1271.9899999999998,22,24,2,0,0,0,0,43,92,110,246,118,0.3644067796610169,57.81772727272726
110,Morgane Aveline,FRA,4769,,1244.25,15,19,4,0,0,0,0,22,52,32,75,91,0.24175824175824176,82.95
111,Julia Pinggera,AUT,1227,,1231.32,17,21,4,0,0,0,0,41,74,91,151,101,0.40594059405940597,72.43058823529411
112,Natalie Bärtschi,SUI,4293,,1213.6599999999999,24,28,4,0,0,0,0,41,95,102,203,136,0.3014705882352941,50.56916666666666
113,Oceania Mackenzie,AUS,2501,173.0,1193.9099999999999,8,13,4,1,0,0,0,25,42,57,79,60,0.4166666666666667,149.23874999999998
114,Nina Caprez,SUI,5514,,1186.5,5,8,3,0,0,0,0,22,35,52,58,37,0.5945945945945946,237.3
115,Tomoko Kajima,JPN,2310,,1167.5,6,10,4,0,0,0,0,20,37,60,100,46,0.43478260869565216,194.58333333333334
116,Saki Kikuchi,JPN,2356,168.0,1124.83,9,12,2,1,0,0,0,22,47,56,111,57,0.38596491228070173,124.9811111111111
117,Manon Chapet,FRA,4760,,1117.0,13,15,2,0,0,0,0,29,56,63,93,73,0.3972602739726027,85.92307692307692
118,Lucia Dörffel,GER,4330,165.0,1116.33,11,14,2,1,0,0,0,23,46,54,98,67,0.34328358208955223,101.48454545454545
119,Yuetong Zhang,CHN,3009,160.0,1108.0,9,13,4,0,0,0,0,17,44,35,113,61,0.2786885245901639,123.11111111111111
120,Francesca Metcalf,USA,4830,,1093.0,8,10,2,0,0,0,0,14,35,26,62,48,0.2916666666666667,136.625
121,Asaki Hagiwara,JPN,2258,,1054.9099999999999,13,15,2,0,0,0,0,15,36,29,68,73,0.2054794520547945,81.14692307692306
122,Zhilu Luo,CHN,13596,160.0,1040.0,2,5,2,1,0,0,1,15,21,33,35,22,0.6818181818181818,520.0
123,Therese Johansen,NOR,6237,,1020.0,3,6,3,0,0,0,0,14,20,29,34,27,0.5185185185185185,340.0
124,Lisa Chulich,USA,1769,,1016.6999999999999,17,19,2,0,0,0,0,27,52,55,122,93,0.2903225806451613,59.805882352941175
125,Holly Toothill,GBR,694,165.0,973.16,12,15,3,0,0,0,0,23,54,62,145,72,0.3194444444444444,81.09666666666666
126,Andrea Ebner,ITA,859,,959.3299999999999,18,20,2,0,0,0,0,39,65,95,125,98,0.3979591836734694,53.29611111111111
127,Mia Aoyagi,JPN,13321,,946.16,5,8,2,1,0,0,0,19,30,52,58,37,0.5135135135135135,189.232
128,Lamu Renqing,CHN,2936,,931.16,15,17,2,0,0,0,0,20,47,43,91,83,0.24096385542168675,62.07733333333333
129,Ai Mori,JPN,2380,,895.5,3,5,1,1,0,0,1,14,20,34,48,23,0.6086956521739131,298.5
130,Tamara Ulzhabayeva,KAZ,3357,,893.0,11,14,3,0,0,0,0,20,45,44,109,67,0.29850746268656714,81.18181818181819
131,Jennifer Wood,GBR,653,,868.08,23,24,1,0,0,0,0,33,74,92,191,119,0.2773109243697479,37.74260869565217
132,Petra Ruzickova,CZE,1375,,864.3299999999999,21,22,1,0,0,0,0,34,71,91,192,109,0.3119266055045872,41.15857142857143
133,Kaori Hosono,JPN,6309,,863.49,12,14,2,0,0,0,0,11,37,22,64,68,0.16176470588235295,71.9575
134,Urska Repusic,SLO,1164,,855.25,8,11,3,0,0,0,0,21,35,57,86,52,0.40384615384615385,106.90625
135,Katy Whittaker,GBR,5670,,843.5,6,9,3,0,0,0,0,14,33,20,77,42,0.3333333333333333,140.58333333333334
136,Ashima Shiraishi,USA,1812,155.0,834.0,6,7,1,0,0,0,0,16,24,26,43,34,0.47058823529411764,139.0
137,Sandrine Levet,FRA,430,,825.0,2,5,2,1,0,0,0,15,18,34,33,22,0.6818181818181818,412.5
138,Katarzyna Ekwinska,POL,2850,,819.16,13,14,1,0,0,0,0,20,51,54,129,69,0.2898550724637681,63.01230769230769
139,Magali Hayen,BEL,4762,,816.66,16,16,0,0,0,0,0,26,55,51,93,80,0.325,51.04125
140,Roxana Wienand,GER,4320,162.0,814.16,11,13,2,0,0,0,0,24,48,57,148,63,0.38095238095238093,74.01454545454546
141,Marine Delpierre,FRA,4768,,810.5,6,8,2,0,0,0,0,9,25,16,48,38,0.23684210526315788,135.08333333333334
142,Maya Madere,USA,1824,168.0,809.8299999999999,15,17,2,0,0,0,0,21,55,40,136,83,0.25301204819277107,53.98866666666666
143,Tabea Schwab,SUI,3887,,800.5,15,16,1,0,0,0,0,24,51,53,98,79,0.3037974683544304,53.36666666666667
144,Aika Tajima,JPN,2287,,777.0,4,5,1,0,0,0,0,12,20,17,34,24,0.5,194.25
145, Ayari Sakamoto,JPN,2339,,775.0,6,8,2,0,0,0,0,13,25,19,44,38,0.34210526315789475,129.16666666666666
146,Emilie Verdier,FRA,4699,,773.5,6,9,3,0,0,0,0,20,34,28,48,42,0.47619047619047616,128.91666666666666
147,Valeri Kremer,ISR,3979,,770.8199999999999,22,23,1,0,0,0,0,33,69,126,242,114,0.2894736842105263,35.03727272727272
148,Iuliia Panteleeva,RUS,118,,770.0,11,13,2,0,0,0,0,22,49,48,103,63,0.3492063492063492,70.0
149,Leonie Lochner,GER,2018,,755.0,12,12,0,0,0,0,0,11,37,44,101,60,0.18333333333333332,62.916666666666664
150,Audrey Seguy,GBR,5630,,749.5,5,7,2,0,0,0,0,17,27,31,59,33,0.5151515151515151,149.9
151,Maëlys Agrapart,FRA,535,,746.3299999999999,10,12,2,0,0,0,0,24,39,67,95,58,0.41379310344827586,74.633
152,Emilie Abgrall,FRA,5040,,739.5,4,6,2,0,0,0,0,14,22,28,32,28,0.5,184.875
153,Claire Buhrfeind,USA,1751,,721.5,8,11,3,0,0,0,0,17,34,43,92,52,0.3269230769230769,90.1875
154,Manon Hily,FRA,462,154.0,714.5,9,11,2,0,0,0,0,26,37,67,84,53,0.49056603773584906,79.38888888888889
155,Samantha Berry,AUS,4759,,710.16,5,8,3,0,0,0,0,15,29,25,38,37,0.40540540540540543,142.03199999999998
156,Anon Matsufuji,JPN,12297,160.0,706.5,4,6,1,1,0,0,0,13,25,36,57,28,0.4642857142857143,176.625
157,Thirza Carpenter,CAN,4814,,705.0,3,6,3,0,0,0,0,10,19,14,24,27,0.37037037037037035,235.0
158,Irina Kuzmenko,RUS,87,171.0,693.0,8,10,2,0,0,0,0,17,31,57,92,48,0.3541666666666667,86.625
159,Allison Vest,CAN,1579,171.0,685.16,16,17,1,0,0,0,0,24,58,84,169,84,0.2857142857142857,42.8225
160,Anna Vollenwyder,AUT,6238,,684.0,10,11,1,0,0,0,0,21,39,53,83,54,0.3888888888888889,68.4
161,Gill Peet,GBR,6075,,680.0,9,11,2,0,0,0,0,16,29,43,59,53,0.3018867924528302,75.55555555555556
162,Camille Faille,FRA,471,,663.0,10,12,2,0,0,0,0,21,42,45,76,58,0.3620689655172414,66.3
163,Sienna Kopf,USA,1870,174.0,660.5,11,12,1,0,0,0,0,24,41,59,108,59,0.4067796610169492,60.04545454545455
164,Johanna Holfeld,GER,3109,,660.0,10,11,1,0,0,0,0,18,42,37,101,54,0.3333333333333333,66.0
165,Maja Stremfelj,SLO,1121,,644.33,4,6,2,0,0,0,0,14,21,34,36,28,0.5,161.0825
166,Minseon Kim,KOR,2055,,637.5,5,7,2,0,0,0,0,8,18,18,41,33,0.24242424242424243,127.5
167,Kseniia Alekseeva,RUS,4735,,624.5,5,6,1,0,0,0,0,16,27,25,41,29,0.5517241379310345,124.9
168,Rebecca Frangos,CAN,1577,,608.25,11,11,0,0,0,0,0,2,22,8,63,55,0.03636363636363636,55.29545454545455
169,Hannah Slaney,GBR,669,,580.0,10,11,1,0,0,0,0,18,40,56,90,54,0.3333333333333333,58.0
170,Serika Okawachi,JPN,2349,158.0,576.5,4,6,1,1,0,0,0,12,20,28,43,28,0.42857142857142855,144.125
171,Vanda Michalkova,SVK,2771,,559.0,8,9,1,0,0,0,0,8,23,15,37,44,0.18181818181818182,69.875
172,Holly Reid,CAN,4837,,558.65,9,9,0,0,0,0,0,2,13,7,24,45,0.044444444444444446,62.07222222222222
173,Tara Hayes,GBR,643,,557.16,13,14,1,0,0,0,0,21,45,61,103,69,0.30434782608695654,42.85846153846153
174,Charlotte Andre,FRA,526,,557.0,6,7,1,0,0,0,0,13,28,26,57,34,0.38235294117647056,92.83333333333333
175,Luce Douady,FRA,11620,,545.0,1,3,1,1,0,0,0,8,13,16,18,13,0.6153846153846154,545.0
176,Madison Fischer,CAN,1629,,544.5,9,10,1,0,0,0,0,14,33,42,76,49,0.2857142857142857,60.5
177,Franziska Saurwein,AUT,5851,,540.0,4,6,2,0,0,0,0,12,22,17,35,28,0.42857142857142855,135.0
178,Xuhua Pan,CHN,2933,,537.0,6,7,1,0,0,0,0,5,16,12,31,34,0.14705882352941177,89.5
179,Lisa Rands,USA,5129,,535.0,2,4,2,0,0,0,0,3,13,4,20,18,0.16666666666666666,267.5
180,Tjasa Slemensek,SLO,1148,168.0,531.0,7,9,2,0,0,0,0,20,32,42,74,43,0.46511627906976744,75.85714285714286
181,Miwa Oba,JPN,2281,,529.37,11,12,1,0,0,0,0,14,40,36,97,59,0.23728813559322035,48.124545454545455
182,Atori Yasuda,JPN,6050,,529.0,7,8,1,0,0,0,0,11,30,26,66,39,0.28205128205128205,75.57142857142857
183,Yuki Matsushima,JPN,6076,,526.66,9,10,1,0,0,0,0,2,17,4,41,49,0.04081632653061224,58.51777777777777
184,Courtney Sanders,USA,6057,,518.5,6,7,1,0,0,0,0,7,20,11,43,34,0.20588235294117646,86.41666666666667
185,Grace Mckeehan,USA,1752,,514.0,7,8,1,0,0,0,0,12,26,25,58,39,0.3076923076923077,73.42857142857143
186,Eliska Adamovska,CZE,1400,162.0,513.5,5,6,1,0,0,0,0,10,22,25,52,29,0.3448275862068966,102.7
187,Andrea Rojas,ECU,3209,,508.5,6,6,0,0,0,0,0,1,9,4,23,30,0.03333333333333333,84.75
188,Sunniva Øvre-Eide,NOR,3098,,504.33,3,3,0,0,0,0,0,2,4,10,18,15,0.13333333333333333,168.10999999999999
189,Di Niu,CHN,2941,,492.83,7,9,2,0,0,0,0,10,31,29,69,43,0.23255813953488372,70.4042857142857
190,Tiffany Melius,AUS,2503,,479.0,8,9,1,0,0,0,0,5,23,13,66,44,0.11363636363636363,59.875
191,Chauncenia Cox,USA,4832,,478.0,3,5,2,0,0,0,0,6,17,13,35,23,0.2608695652173913,159.33333333333334
192,Mélanie Son,FRA,5044,,472.15999999999997,4,5,1,0,0,0,0,13,19,25,23,24,0.5416666666666666,118.03999999999999
193,Eliška Bulenová,CZE,1439,,467.66,3,4,1,0,0,0,0,6,12,25,46,19,0.3157894736842105,155.88666666666668
194,Margaux Pucheux,FRA,481,,463.0,5,6,1,0,0,0,0,5,13,10,26,29,0.1724137931034483,92.6
195,Seunghyun Kim,KOR,2051,,463.0,6,7,1,0,0,0,0,6,18,26,56,34,0.17647058823529413,77.16666666666667
196,Karolina Nevelikova,CZE,6048,,462.25,7,8,1,0,0,0,0,10,17,14,25,39,0.2564102564102564,66.03571428571429
197,Wangmu Renzeng,CHN,2940,,458.5,5,7,2,0,0,0,0,2,9,7,24,33,0.06060606060606061,91.7
198,Puntarika Tunyavanich,THA,3925,,457.5,9,10,1,0,0,0,0,9,26,13,52,49,0.1836734693877551,50.833333333333336
199,Annalisa De Marco,ITA,862,,451.49,11,12,1,0,0,0,0,21,35,60,79,59,0.3559322033898305,41.04454545454546
200,Olga Bezhko,UKR,5493,,447.15999999999997,3,4,1,0,0,0,0,13,16,17,21,19,0.6842105263157895,149.0533333333333
201,Chelsea Rude,USA,5249,,445.0,2,4,2,0,0,0,0,4,12,6,21,18,0.2222222222222222,222.5
202,Valentina Aguado,ARG,3161,,440.25,15,15,0,0,0,0,0,20,42,42,102,75,0.26666666666666666,29.35
203,Vanessa Si Yinn Teng,SGP,3632,169.0,437.5,8,9,1,0,0,0,0,14,29,23,76,44,0.3181818181818182,54.6875
204,Michaela Kiersch,USA,1718,,427.5,3,4,1,0,0,0,0,3,10,6,25,19,0.15789473684210525,142.5
205,Andrea Brigitta Szekely,HUN,5012,,422.0,4,5,1,0,0,0,0,5,15,9,46,24,0.20833333333333334,105.5
206,Mattea Pötzi,AUT,1266,160.0,421.5,5,6,1,0,0,0,0,8,18,30,59,29,0.27586206896551724,84.3
207,Alexandra Ladurner,ITA,853,,406.0,5,6,1,0,0,0,0,9,22,25,46,29,0.3103448275862069,81.2
208,Victoria Weldon,CAN,5875,,405.5,3,4,1,0,0,0,0,3,12,6,23,19,0.15789473684210525,135.16666666666666
209,Cicada Jenerik,USA,1717,,405.0,2,3,1,0,0,0,0,4,8,6,12,14,0.2857142857142857,202.5
210,Anne-Sophie Koller,SUI,3426,160.0,397.33,11,12,1,0,0,0,0,13,40,42,117,59,0.22033898305084745,36.12090909090909
211,Tyler Youngwerth,USA,6006,,395.5,3,4,1,0,0,0,0,4,8,5,12,19,0.21052631578947367,131.83333333333334
212,Emma Horan,AUS,2486,181.0,392.5,8,8,0,0,0,0,0,3,20,4,59,40,0.075,49.0625
213,Helena Lipenska,CZE,1358,,390.0,2,4,2,0,0,0,0,7,11,10,16,18,0.3888888888888889,195.0
214,Claire Kassay,AUS,2494,,385.5,13,13,0,0,0,0,0,6,27,14,55,65,0.09230769230769231,29.653846153846153
215,Evgeniya Lapshina,RUS,99,,382.83000000000004,5,6,1,0,0,0,0,11,24,16,44,29,0.3793103448275862,76.566
216,Dana Riddle,USA,6067,,380.0,1,2,1,0,0,0,0,5,8,8,14,9,0.5555555555555556,380.0
217,Natsuki Tanii,JPN,2381,152.0,375.0,2,4,2,0,0,0,0,8,11,35,39,18,0.4444444444444444,187.5
218,Molly Thompson-Smith,GBR,642,159.0,374.5,9,10,1,0,0,0,0,7,30,21,69,49,0.14285714285714285,41.611111111111114
219,Agata Modrzejewska,POL,4923,,373.0,5,6,1,0,0,0,0,7,16,14,31,29,0.2413793103448276,74.6
220,Claire Bresnan,USA,1757,,372.0,5,5,0,0,0,0,0,6,16,15,43,25,0.24,74.4
221,Anna Zaikina,RUS,70,,364.5,7,8,1,0,0,0,0,9,26,29,56,39,0.23076923076923078,52.07142857142857
222,Mária  Čelková,SVK,2765,,363.86,14,14,0,0,0,0,0,7,34,21,96,70,0.1,25.990000000000002
223,Saeko Sugimura,JPN,2340,,357.0,5,6,1,0,0,0,0,9,18,28,50,29,0.3103448275862069,71.4
224,Anna Tsyganova,RUS,73,,355.98999999999995,15,15,0,0,0,0,0,17,45,36,122,75,0.22666666666666666,23.732666666666663
225,Jara Späte,SUI,3203,,354.33,10,11,1,0,0,0,0,14,30,46,83,54,0.25925925925925924,35.433
226,Anne Hoarau,FRA,5777,,350.0,1,2,1,0,0,0,0,4,8,5,17,9,0.4444444444444444,350.0
227,Audrey Gawrych,USA,4831,,347.12,3,4,1,0,0,0,0,3,13,4,17,19,0.15789473684210525,115.70666666666666
228,Nikki Van Bergen,NED,3580,,346.15999999999997,6,7,1,0,0,0,0,10,21,21,42,34,0.29411764705882354,57.69333333333333
229,Kasia Pietras,USA,5882,,333.4,3,4,1,0,0,0,0,3,12,5,23,19,0.15789473684210525,111.13333333333333
230,Mie (Marie Therese) Kastet,NOR,3078,,331.5,6,7,1,0,0,0,0,9,19,22,47,34,0.2647058823529412,55.25
231,Saari Watanabe,JPN,2256,,327.0,5,5,0,0,0,0,0,9,20,24,55,25,0.36,65.4
232,Margaryta Zakharova,UKR,1488,,323.75,20,20,0,0,0,0,0,16,59,43,178,100,0.16,16.1875
233,Yael Taub,ISR,3986,,320.32,15,16,1,0,0,0,0,11,39,35,104,79,0.13924050632911392,21.354666666666667
234,Maria Agafonova,RUS,5733,,319.5,3,4,1,0,0,0,0,11,17,24,33,19,0.5789473684210527,106.5
235,Elsa Ponzo,FRA,6232,,318.5,3,4,1,0,0,0,0,4,14,9,24,19,0.21052631578947367,106.16666666666667
236,Julia Winter,GER,3108,,315.0,2,3,1,0,0,0,0,7,10,9,12,14,0.5,157.5
237,Isabelle Faus,USA,4834,,315.0,4,4,0,0,0,0,0,3,11,5,27,20,0.15,78.75
238,Christine Schranz,AUT,1210,,313.0,6,7,1,0,0,0,0,18,24,40,47,34,0.5294117647058824,52.166666666666664
239,Rachel Nilwik,NED,4891,,305.0,2,3,1,0,0,0,0,6,10,7,15,14,0.42857142857142855,152.5
240,Adriene Clark,USA,13020,168.0,298.75,4,5,1,0,0,0,0,9,17,16,38,24,0.375,74.6875
241,Katrine Vandet Salling,DEN,3850,,298.65999999999997,25,25,0,0,0,0,0,19,72,62,192,125,0.152,11.946399999999999
242,Evgeniia Malamid,RUS,49,,294.0,3,4,1,0,0,0,0,4,15,8,21,19,0.21052631578947367,98.0
243,Sarah Schützenberger,GER,4973,,285.5,3,4,1,0,0,0,0,5,10,5,14,19,0.2631578947368421,95.16666666666667
244,Nina Williams,USA,6167,,285.0,2,3,1,0,0,0,0,2,6,3,8,14,0.14285714285714285,142.5
245,Daniela Ebler,SWE,2668,,283.15999999999997,8,8,0,0,0,0,0,9,22,22,54,40,0.225,35.394999999999996
246,Megan Lynch,USA,1874,167.0,281.5,3,4,1,0,0,0,0,6,15,15,53,19,0.3157894736842105,93.83333333333333
247,Mateja Hohkraut,SLO,6049,,279.75,6,6,0,0,0,0,0,8,20,12,31,30,0.26666666666666666,46.625
248,Isabell Leiner,GER,6114,,279.0,5,6,1,0,0,0,0,8,16,14,26,29,0.27586206896551724,55.8
249,Charlotte Jouett-Bosley,USA,5876,,278.0,2,3,1,0,0,0,0,3,7,10,13,14,0.21428571428571427,139.0
250,Hélène Janicot,FRA,455,165.0,278.0,3,4,1,0,0,0,0,8,13,15,25,19,0.42105263157894735,92.66666666666667
251,Naïlé Meignan,FRA,11621,164.0,277.0,4,5,1,0,0,0,0,8,19,17,31,24,0.3333333333333333,69.25
252,Miura Hawkins,USA,6310,,274.0,4,4,0,0,0,0,0,7,12,14,34,20,0.35,68.5
253,Mailys Piazzalunga,FRA,550,,271.5,6,6,0,0,0,0,0,9,19,29,61,30,0.3,45.25
254,Delaney Miller,USA,1724,,271.5,6,7,1,0,0,0,0,10,21,23,59,34,0.29411764705882354,45.25
255,Thomasina Pidgeon,CAN,6168,,268.81,16,16,0,0,0,0,0,8,30,12,46,80,0.1,16.800625
256,Lily Canavan,USA,1792,,265.0,3,4,1,0,0,0,0,3,6,10,20,19,0.15789473684210525,88.33333333333333
257,Lucija Tarkus,SLO,1181,160.0,260.0,1,2,1,0,0,0,0,4,6,5,9,9,0.4444444444444444,260.0
258,Amanda Rohner,SUI,4918,,257.0,2,3,1,0,0,0,0,2,6,2,17,14,0.14285714285714285,128.5
259,Clarrie Lam,CAN,5887,,256.87,6,6,0,0,0,0,0,2,6,2,7,30,0.06666666666666667,42.81166666666667
260,Ryu Nakagawa,JPN,11783,171.0,256.0,3,4,1,0,0,0,0,7,14,12,34,19,0.3684210526315789,85.33333333333333
261,Nelly Kudrova,CZE,5403,,253.32999999999998,8,9,1,0,0,0,0,8,20,18,43,44,0.18181818181818182,31.666249999999998
262,Elena Chiappa,ITA,4772,,253.0,4,5,1,0,0,0,0,6,17,12,36,24,0.25,63.25
263,Quinn Mason,USA,1914,,252.0,5,5,0,0,0,0,0,10,18,24,32,25,0.4,50.4
264,Friederike Petri,GER,6194,,249.66,8,8,0,0,0,0,0,11,20,33,53,40,0.275,31.2075
265,Kerry Briggs,CAN,5885,,247.78,3,4,1,0,0,0,0,1,7,1,10,19,0.05263157894736842,82.59333333333333
266,Natalie Sailer,GER,5853,,240.0,4,4,0,0,0,0,0,6,17,9,24,20,0.3,60.0
267,Sasha Digiulian,USA,1712,,240.0,1,2,1,0,0,0,0,5,6,5,6,9,0.5555555555555556,240.0
268,Patricia Holzmann,GER,6274,,234.0,3,3,0,0,0,0,0,5,12,13,30,15,0.3333333333333333,78.0
269,Natalia Titova,RUS,40,,225.0,2,2,0,0,0,0,0,4,8,7,14,10,0.4,112.5
270,Maria Celkova,CAN,6060,,225.0,3,3,0,0,0,0,0,2,5,6,12,15,0.13333333333333333,75.0
271,Sarah Austin,CAN,5884,,221.62,3,3,0,0,0,0,0,2,5,2,5,15,0.13333333333333333,73.87333333333333
272,Giulia Medici,ITA,910,,217.16,11,12,1,0,0,0,0,14,41,40,120,59,0.23728813559322035,19.741818181818182
273,Vana Piccini,CRO,3042,,214.0,2,3,1,0,0,0,0,2,8,3,28,14,0.14285714285714285,107.0
274,Anja Hodann,SWE,5426,,211.0,4,4,0,0,0,0,0,6,14,13,29,20,0.3,52.75
275,Zhuoma Pubu,CHN,2946,,210.5,6,6,0,0,0,0,0,6,16,10,33,30,0.2,35.083333333333336
276,Bonnie De Bruijn,CAN,5880,,207.06,3,3,0,0,0,0,0,0,6,0,11,15,0.0,69.02
277,Nolwen Berthier,FRA,457,,205.66,3,3,0,0,0,0,0,5,12,15,26,15,0.3333333333333333,68.55333333333333
278,Shannon Russell,USA,6251,,205.0,1,2,1,0,0,0,0,1,4,2,5,9,0.1111111111111111,205.0
279,Kate Mcginnis,USA,5878,,204.5,2,2,0,0,0,0,0,0,7,0,16,10,0.0,102.25
280,Tina Johnsen Hafsaas,NOR,3060,164.0,204.5,12,12,0,0,0,0,0,15,37,51,125,60,0.25,17.041666666666668
281,Roberta Longo,ITA,5283,,202.16,3,3,0,0,0,0,0,5,12,5,17,15,0.3333333333333333,67.38666666666667
282,Abdul Rochman Syarifah,INA,3272,,195.0,1,2,1,0,0,0,0,0,1,0,1,9,0.0,195.0
283,Aleksandra Kalucka,POL,2878,164.0,194.3,5,6,1,0,0,0,0,2,13,9,43,29,0.06896551724137931,38.86
284,Marketa Janosova,CZE,1453,159.0,189.5,2,3,1,0,0,0,0,1,7,1,15,14,0.07142857142857142,94.75
285,Agathe Calliet,FRA,11653,158.0,189.0,2,2,0,0,0,0,0,5,10,18,34,10,0.5,94.5
286,Bronwen Karnis,CAN,1619,,186.0,4,4,0,0,0,0,0,2,13,2,35,20,0.1,46.5
287,Celeste Wall,CAN,1562,,182.32999999999998,4,4,0,0,0,0,0,1,7,4,20,20,0.05,45.582499999999996
288,Eva Carro Fernández,ESP,6084,,182.25,3,4,1,0,0,0,0,2,5,2,15,19,0.10526315789473684,60.75
289,Gayeong Oh,KOR,13556,169.0,182.0,3,4,1,0,0,0,0,4,11,7,34,19,0.21052631578947367,60.666666666666664
290,Soho Langbehn,CHI,4927,,179.5,2,2,0,0,0,0,0,3,7,7,26,10,0.3,89.75
291,Risa Ota,JPN,2267,161.0,179.16,8,8,0,0,0,0,0,10,19,24,35,40,0.25,22.395
292,Alyssa Weber,CAN,1578,,178.32999999999998,7,7,0,0,0,0,0,3,16,4,30,35,0.08571428571428572,25.475714285714282
293,Celine Combaz,FRA,5281,,174.0,4,4,0,0,0,0,0,5,15,8,19,20,0.25,43.5
294,Ana Tiripa,GER,6177,,170.0,1,2,1,0,0,0,0,3,6,10,21,9,0.3333333333333333,170.0
295,"Chi-Heng, Sharon Chiu",HKG,6334,,170.0,1,2,1,0,0,0,0,0,1,0,2,9,0.0,170.0
296,Alisa Gel'Fer,UKR,4961,,170.0,1,2,1,0,0,0,0,6,7,9,10,9,0.6666666666666666,170.0
297,Natalia Kalucka,POL,2879,165.0,169.8,6,6,0,0,0,0,0,2,11,13,57,30,0.06666666666666667,28.3
298,Olga Morozkina,RUS,4857,,168.0,2,2,0,0,0,0,0,3,8,3,14,10,0.3,84.0
299,Jana Müller,GER,6148,,168.0,5,5,0,0,0,0,0,5,13,6,35,25,0.2,33.6
300,Erica Carlson,CAN,6172,,165.48,6,6,0,0,0,0,0,1,7,1,11,30,0.03333333333333333,27.58
301,Clothilde Morin,FRA,598,,162.0,3,3,0,0,0,0,0,5,13,11,22,15,0.3333333333333333,54.0
302,Anna Laitinen,FIN,2800,,160.66,8,8,0,0,0,0,0,9,22,15,36,40,0.225,20.0825
303,Mathilde Becerra,FRA,456,,157.5,4,4,0,0,0,0,0,8,13,14,20,20,0.4,39.375
304,Melina Costanza,USA,1765,167.0,156.66,3,3,0,0,0,0,0,5,10,12,15,15,0.3333333333333333,52.22
305,Zoë Maire,SUI,4767,,156.5,6,6,0,0,0,0,0,7,19,8,25,30,0.23333333333333334,26.083333333333332
306,Erin Ford-Zieleniewski,CAN,5877,,155.0,1,2,1,0,0,0,0,1,4,4,11,9,0.1111111111111111,155.0
307,Dorothea Karalus,GER,6193,,155.0,1,2,1,0,0,0,0,3,6,5,10,9,0.3333333333333333,155.0
308,Yunqing Liu,CHN,6226,,155.0,1,2,1,0,0,0,0,3,6,7,11,9,0.3333333333333333,155.0
309,Naama Yohai,ISR,3996,,152.0,8,8,0,0,0,0,0,6,21,19,60,40,0.15,19.0
310,Madeleine Eppensteiner,AUT,1217,,151.0,4,4,0,0,0,0,0,8,13,20,29,20,0.4,37.75
311,Katy Piddock,GBR,4903,,150.5,3,3,0,0,0,0,0,3,7,11,21,15,0.2,50.166666666666664
312,Nasim Biyarjomandy,IRI,3509,163.0,150.32999999999998,5,5,0,0,0,0,0,1,5,1,5,25,0.04,30.065999999999995
313,Stefanie Pichler,AUT,1218,,147.33,3,3,0,0,0,0,0,5,12,13,29,15,0.3333333333333333,49.11000000000001
314,Claire Bell,GBR,4451,,146.0,2,2,0,0,0,0,0,1,3,3,4,10,0.1,73.0
315,Margaux Hilly,FRA,5865,,145.0,1,2,1,0,0,0,0,1,4,2,7,9,0.1111111111111111,145.0
316,Tomoko Ogawa,JPN,5199,,145.0,1,1,0,0,0,0,0,3,4,6,7,5,0.6,145.0
317,Ganna Savchenko,UKR,5756,,145.0,1,1,0,0,0,0,0,1,2,1,2,5,0.2,145.0
318,Sydney Mcnair,USA,1706,,145.0,1,1,0,0,0,0,0,2,4,4,6,5,0.4,145.0
319,Wangmu Gesang,CHN,4986,,145.0,1,1,0,0,0,0,0,0,0,0,0,5,0.0,145.0
320,Haimi Cho,KOR,2053,,145.0,1,1,0,0,0,0,0,0,1,0,7,5,0.0,145.0
321,Anna Borella,ITA,863,,143.66,7,7,0,0,0,0,0,10,22,32,58,35,0.2857142857142857,20.52285714285714
322,"Mingxin, Judith Sim",SGP,3633,,143.16,4,4,0,0,0,0,0,3,13,3,24,20,0.15,35.79
323,Ksenia Sdobnikova,RUS,4861,,142.0,4,4,0,0,0,0,0,1,9,2,16,20,0.05,35.5
324,Ina Dzhambazova,BUL,4454,,141.0,3,3,0,0,0,0,0,3,9,3,18,15,0.2,47.0
325,Michaela Smetanova,CZE,1438,165.0,138.0,3,3,0,0,0,0,0,2,7,7,20,15,0.13333333333333333,46.0
326,Marieta Akalski,CAN,6249,,136.25,5,5,0,0,0,0,0,0,10,0,31,25,0.0,27.25
327,Emilie Pellerin,CAN,1639,,136.0,2,2,0,0,0,0,0,0,4,0,4,10,0.0,68.0
328,Emeline Thomas,FRA,5678,,133.0,2,2,0,0,0,0,0,5,8,9,13,10,0.5,66.5
329,Romane Grandcoing,FRA,476,,131.5,3,3,0,0,0,0,0,4,13,9,26,15,0.26666666666666666,43.833333333333336
330,Eva Pepin-Helie,CAN,5988,,130.0,1,1,0,0,0,0,0,2,5,6,9,5,0.4,130.0
331,Megumi Takahashi,JPN,5962,,130.0,1,1,0,0,0,0,0,1,1,2,2,5,0.2,130.0
332,Hana Koike,JPN,11784,167.0,130.0,6,6,0,0,0,0,0,6,20,14,64,30,0.2,21.666666666666668
333,Kajsa Wiklund,SWE,6227,,130.0,1,1,0,0,0,0,0,1,1,3,1,5,0.2,130.0
334,Mirthe Van Liere,NED,3584,,129.5,4,4,0,0,0,0,0,7,11,17,32,20,0.35,32.375
335,Elizabeth Vince,CAN,1591,,128.33,2,2,0,0,0,0,0,1,4,4,10,10,0.1,64.165
336,Kelly Drager,CAN,6248,,126.33,2,2,0,0,0,0,0,1,3,6,9,10,0.1,63.165
337,Anouck Jaubert,FRA,479,169.0,125.66,8,8,0,0,0,0,0,7,23,18,60,40,0.175,15.7075
338,Sarah Lagoffun,FRA,4700,,120.0,1,1,0,0,0,0,0,0,1,0,4,5,0.0,120.0
339,Yulia Troepolskaya,RUS,5931,,120.0,1,1,0,0,0,0,0,3,4,7,14,5,0.6,120.0
340,Katharina Bacher,AUT,6089,,120.0,1,1,0,0,0,0,0,0,1,0,3,5,0.0,120.0
341,Eevi Jaakkola ,FIN,6156,,120.0,5,5,0,0,0,0,0,5,13,8,30,25,0.2,24.0
342,Joanna Neame,GBR,697,,119.75,4,4,0,0,0,0,0,9,12,21,24,20,0.45,29.9375
343,Molly Rennie,USA,1826,,118.0,2,2,0,0,0,0,0,2,4,5,10,10,0.2,59.0
344,Ida Kups,POL,2864,,117.5,4,4,0,0,0,0,0,6,16,18,54,20,0.3,29.375
345,Nika Potapova,UKR,1526,154.0,116.75,6,6,0,0,0,0,0,2,7,3,13,30,0.06666666666666667,19.458333333333332
346,Panchamaya Tamang,NEP,4180,,116.0,2,2,0,0,0,0,0,0,3,0,12,10,0.0,58.0
347,Sylwia Buczek,POL,6032,,116.0,7,7,0,0,0,0,0,3,15,6,40,35,0.08571428571428572,16.571428571428573
348,Teresa Troya Gil,ESP,6085,,113.00999999999999,6,6,0,0,0,0,0,3,9,7,22,30,0.1,18.834999999999997
349,Chauncey Carroll,USA,1894,,112.5,1,1,0,0,0,0,0,2,3,3,6,5,0.4,112.5
350,Aya Sugawara,JPN,11524,,112.5,1,1,0,0,0,0,0,3,5,16,14,5,0.6,112.5
351,Mariya Mulyar,UKR,6051,,112.0,5,5,0,0,0,0,0,5,12,19,54,25,0.2,22.4
352,Anouk Piola,SUI,3198,,112.0,6,6,0,0,0,0,0,8,19,30,48,30,0.26666666666666666,18.666666666666668
353,Maya Dreamer,ISR,4018,,110.66,5,5,0,0,0,0,0,4,19,16,86,25,0.16,22.131999999999998
354,Portia Menlove,USA,5888,,110.12,2,2,0,0,0,0,0,1,4,1,12,10,0.1,55.06
355,Marta Savkina,RUS,5932,,109.5,2,2,0,0,0,0,0,3,4,8,9,10,0.3,54.75
356,Olga Kulish,UKR,4860,,108.25,5,5,0,0,0,0,0,3,15,6,34,25,0.12,21.65
357,Marianne Verhage,NED,4892,,108.0,2,2,0,0,0,0,0,5,7,6,7,10,0.5,54.0
358,Fatemeh Jafari Mahmodabadi,IRI,3472,,106.66,2,2,0,0,0,0,0,0,5,0,12,10,0.0,53.33
359,Sunniva Eik Haave,NOR,3068,,106.33,10,10,0,0,0,0,0,11,35,30,85,50,0.22,10.633
360,Katrin Brady,GER,4728,,106.0,3,3,0,0,0,0,0,1,7,2,13,15,0.06666666666666667,35.333333333333336
361,Thais Makino Shiraiwa,BRA,3139,,104.66,5,5,0,0,0,0,0,3,9,6,36,25,0.12,20.932
362,Sima Soltani,IRI,3469,,102.33,2,2,0,0,0,0,0,0,3,0,3,10,0.0,51.165
363,Christina Schmid,SUI,5644,,101.5,3,3,0,0,0,0,0,5,12,11,24,15,0.3333333333333333,33.833333333333336
364,Pratthana Raksachat,THA,3928,,101.0,2,2,0,0,0,0,0,2,6,4,8,10,0.2,50.5
365,Maria Fernanda De Je Rodriguez,MEX,6166,,100.0,1,1,0,0,0,0,0,1,2,1,2,5,0.2,100.0
366,Sara Aicart Ortiz,ESP,5854,,99.5,4,4,0,0,0,0,0,1,7,3,15,20,0.05,24.875
367,Aida Torres Illamola,ESP,841,,98.5,10,10,0,0,0,0,0,6,29,13,92,50,0.12,9.85
368,Siddhi Shekhar Manerikar ,IND,2625,,98.0,2,2,0,0,0,0,0,0,2,0,3,10,0.0,49.0
369,Alise Zvigule,LAT,4160,,97.66,6,6,0,0,0,0,0,0,8,0,23,30,0.0,16.276666666666667
370,Lucelia Blanco,VEN,3178,,97.0,2,2,0,0,0,0,0,2,6,6,14,10,0.2,48.5
371,Marie Duval,FRA,5752,,96.5,4,4,0,0,0,0,0,4,10,6,18,20,0.2,24.125
372,Sheena Osborne,CAN,5881,,95.4,1,1,0,0,0,0,0,0,2,0,2,5,0.0,95.4
373,Babette Roy,CAN,1649,,95.0,6,6,0,0,0,0,0,6,18,10,35,30,0.2,15.833333333333334
374,Wei Sze Felicia Lim,SGP,3627,,95.0,1,1,0,0,0,0,0,1,4,1,9,5,0.2,95.0
375,Heather Sawitsky,CAN,6058,,95.0,1,1,0,0,0,0,0,1,1,1,1,5,0.2,95.0
376,Campbell Sarinopoulos,USA,11785,,94.0,6,6,0,0,0,0,0,7,17,15,56,30,0.23333333333333334,15.666666666666666
377,Helen Haldenby,GBR,4904,,93.66,6,6,0,0,0,0,0,4,12,10,31,30,0.13333333333333333,15.61
378,Sofia Heinze Cacho,MEX,6398,,90.57,4,4,0,0,0,0,0,3,7,14,19,20,0.15,22.6425
379,Berta Martin Sancho,ESP,4554,,89.5,1,1,0,0,0,0,0,3,5,9,22,5,0.6,89.5
380,Suet-Man Li,HKG,5348,,89.5,1,1,0,0,0,0,0,0,1,0,1,5,0.0,89.5
381,Hinako Furukawa,JPN,2344,,89.5,1,1,0,0,0,0,0,2,3,8,9,5,0.4,89.5
382,Sarah Shaw,USA,6068,,89.5,1,1,0,0,0,0,0,1,3,1,4,5,0.2,89.5
383,Muriel Sarkany,BEL,306,,89.5,1,1,0,0,0,0,0,2,4,3,5,5,0.4,89.5
384,Hyojung Kim,KOR,4998,,89.5,1,1,0,0,0,0,0,0,1,0,1,5,0.0,89.5
385,Sarah Pearce,USA,1818,,89.37,3,3,0,0,0,0,0,0,2,0,3,15,0.0,29.790000000000003
386,Farnaz Esmaeilzadeh,IRI,3464,,89.0,2,2,0,0,0,0,0,1,2,1,2,10,0.1,44.5
387,Adela Bajerova,CZE,11541,,86.0,3,3,0,0,0,0,0,1,6,4,24,15,0.06666666666666667,28.666666666666668
388,Jelisa Dunbar,CAN,1561,,85.5,6,6,0,0,0,0,0,3,13,9,46,30,0.1,14.25
389,Channah Brandsema,NED,4766,,85.5,4,4,0,0,0,0,0,5,11,9,15,20,0.25,21.375
390,Regan Kennedy,CAN,6059,,84.0,1,1,0,0,0,0,0,1,2,2,3,5,0.2,84.0
391,Raelene Cowie,GBR,5855,,84.0,5,5,0,0,0,0,0,1,13,1,26,25,0.04,16.8
392,Alexandra Zhiznevskaya,KAZ,3378,,84.0,2,2,0,0,0,0,0,2,3,2,6,10,0.2,42.0
393,Solmaz Eshghi,IRI,3488,,84.0,1,1,0,0,0,0,0,0,2,0,9,5,0.0,84.0
394,Zoe Ogden,GBR,5789,,83.0,2,2,0,0,0,0,0,1,5,1,8,10,0.1,41.5
395,Hannah Schubert,AUT,1232,,83.0,3,3,0,0,0,0,0,3,7,3,13,15,0.2,27.666666666666668
396,Goh Hui Chen Janet,SGP,3646,,83.0,2,2,0,0,0,0,0,2,6,2,10,10,0.2,41.5
397,Natsumi Hirano,JPN,2369,,82.5,3,3,0,0,0,0,0,6,11,16,28,15,0.4,27.5
398,Ekaterina Novitskaia,RUS,75,,79.0,2,2,0,0,0,0,0,2,8,10,19,10,0.2,39.5
399,Rebeca Pérez Duato,ESP,13450,,78.5,2,2,0,0,0,0,0,4,7,7,16,10,0.4,39.25
400,Miku Ishii,JPN,12474,,78.5,3,3,0,0,0,0,0,5,8,15,14,15,0.3333333333333333,26.166666666666668
401,Noa Shiran,ISR,4002,,77.5,3,3,0,0,0,0,0,2,6,6,23,15,0.13333333333333333,25.833333333333332
402,Momoka Kaneko,JPN,2326,,76.5,5,5,0,0,0,0,0,5,17,16,39,25,0.2,15.3
403,Anna Margolina,RUS,91,,76.0,6,6,0,0,0,0,0,12,23,39,64,30,0.4,12.666666666666666
404,Pankaew Plypoolsup,THA,3927,,74.5,3,3,0,0,0,0,0,0,3,0,8,15,0.0,24.833333333333332
405,Alejandra Contreras,CHI,3911,160.0,74.16,9,9,0,0,0,0,0,3,17,25,52,45,0.06666666666666667,8.24
406,Maria Davies Sandbu,NOR,6137,,73.83,3,3,0,0,0,0,0,3,9,4,12,15,0.2,24.61
407,Emily Ziffer,USA,1825,,73.0,1,1,0,0,0,0,0,0,3,0,13,5,0.0,73.0
408,Paige Boklaschuk,CAN,1630,,72.5,5,5,0,0,0,0,0,3,17,7,50,25,0.12,14.5
409,Sabina Van Essen,NED,11658,160.0,71.0,2,2,0,0,0,0,0,4,6,8,22,10,0.4,35.5
410,Victoria Klemm,AUT,6275,,71.0,2,2,0,0,0,0,0,3,6,3,12,10,0.3,35.5
411,Salome Meshveliani,GEO,2465,,68.0,1,1,0,0,0,0,0,1,1,1,1,5,0.2,68.0
412,Misato Nishikori,JPN,2297,,68.0,1,1,0,0,0,0,0,2,5,11,17,5,0.4,68.0
413,Yuko Sakakibara,JPN,4992,,68.0,1,1,0,0,0,0,0,0,1,0,2,5,0.0,68.0
414,Mai Tonegi,JPN,5963,,68.0,1,1,0,0,0,0,0,0,1,0,2,5,0.0,68.0
415,Roelien Van De Vrie,NED,4893,,67.5,3,3,0,0,0,0,0,2,9,4,11,15,0.13333333333333333,22.5
416,Heeyeon Park,KOR,2106,,67.25999999999999,15,15,0,0,0,0,0,3,27,14,87,75,0.04,4.483999999999999
417,Ludivine Harmand,FRA,5608,,67.0,2,2,0,0,0,0,0,4,8,7,13,10,0.4,33.5
418,Gurgel Ozver,TUR,5725,,67.0,2,2,0,0,0,0,0,0,3,0,8,10,0.0,33.5
419,Athena Bigvand,IRI,3510,,66.0,3,3,0,0,0,0,0,0,8,0,26,15,0.0,22.0
420,Larysa Malyzhenkava,BLR,4858,,66.0,2,2,0,0,0,0,0,2,4,8,10,10,0.2,33.0
421,Audrey Sniezek,USA,1726,,66.0,2,2,0,0,0,0,0,1,7,1,12,10,0.1,33.0
422,Chea Marak,IND,2623,,64.0,1,1,0,0,0,0,0,0,2,0,3,5,0.0,64.0
423,Chunhua Li,CHN,4982,,63.0,1,1,0,0,0,0,0,1,2,1,3,5,0.2,63.0
424,Alyrene Dorey,USA,5883,,63.0,1,1,0,0,0,0,0,0,2,0,8,5,0.0,63.0
425, Kokoro Takata,JPN,2324,,63.0,2,2,0,0,0,0,0,4,9,17,33,10,0.4,31.5
426,Amanda Berezowski,CAN,4833,,63.0,1,1,0,0,0,0,0,1,1,1,1,5,0.2,63.0
427,Helena Aleman Sobrino,ESP,4921,,63.0,1,1,0,0,0,0,0,0,1,0,1,5,0.0,63.0
428,Eva Thompson,CAN,1590,,61.0,2,2,0,0,0,0,0,2,8,7,27,10,0.2,30.5
429,Watchareewan Tomas,THA,3926,,60.66,3,3,0,0,0,0,0,1,3,1,8,15,0.06666666666666667,20.22
430,Miharu Sotome,JPN,2373,,60.0,2,2,0,0,0,0,0,2,9,8,19,10,0.2,30.0
431,Emily Harrington,USA,5282,,59.5,1,1,0,0,0,0,0,0,4,0,7,5,0.0,59.5
432,Carolina Rosero,ECU,6094,,58.5,2,2,0,0,0,0,0,3,5,6,8,10,0.3,29.25
433,Zuzana Cintalova,SVK,4552,,57.5,3,3,0,0,0,0,0,5,13,7,17,15,0.3333333333333333,19.166666666666668
434,Anna Brozek,POL,2855,,57.28,6,6,0,0,0,0,0,0,1,0,2,30,0.0,9.546666666666667
435,Indiana Chapman,CAN,1650,158.0,57.0,4,4,0,0,0,0,0,4,8,6,14,20,0.2,14.25
436,Thea Wulff,USA,1961,,56.66,3,3,0,0,0,0,0,2,12,3,41,15,0.13333333333333333,18.886666666666667
437,Jessica Faure,FRA,4925,,56.0,1,1,0,0,0,0,0,1,2,3,3,5,0.2,56.0
438,Tereza Širůčková,CZE,1447,,56.0,1,1,0,0,0,0,0,1,2,2,5,5,0.2,56.0
439,Lea Deslandes,FRA,5545,,56.0,1,1,0,0,0,0,0,1,2,2,3,5,0.2,56.0
440,Natalia Kubrakova ,RUS,5831,,56.0,1,1,0,0,0,0,0,0,1,0,4,5,0.0,56.0
441,Galina Terenteva,RUS,71,,56.0,1,1,0,0,0,0,0,1,2,1,5,5,0.2,56.0
442,Olga Shchelnikova,RUS,6074,,55.66,2,2,0,0,0,0,0,1,4,1,6,10,0.1,27.83
443,Jesse Youngwerth,USA,6007,,55.5,2,2,0,0,0,0,0,1,4,3,10,10,0.1,27.75
444,Laura Stöckler,AUT,1249,172.0,55.0,4,4,0,0,0,0,0,6,13,13,38,20,0.3,13.75
445,Katherine Choong,SUI,3130,,51.5,2,2,0,0,0,0,0,4,9,5,13,10,0.4,25.75
446,Giada Zampa,ITA,6160,,50.5,2,2,0,0,0,0,0,3,9,5,13,10,0.3,25.25
447,Yuzhen Baima,CHN,2957,,50.0,4,4,0,0,0,0,0,0,7,0,27,20,0.0,12.5
448,Yevheniia Cherniavska,UKR,1543,,50.0,4,4,0,0,0,0,0,0,8,0,38,20,0.0,12.5
449,Michelle Kim Theisen,DEN,3865,,49.5,5,5,0,0,0,0,0,5,13,13,28,25,0.2,9.9
450,Senjam Debala Devi,IND,2619,,48.33,2,2,0,0,0,0,0,0,1,0,4,10,0.0,24.165
451,Zahra Rezaei,IRI,6311,,48.0,1,1,0,0,0,0,0,0,1,0,1,5,0.0,48.0
452,Hiroyo Sumura,JPN,6069,,48.0,1,1,0,0,0,0,0,1,2,1,3,5,0.2,48.0
453,Ayano Soga,JPN,2329,,48.0,1,1,0,0,0,0,0,3,4,7,5,5,0.6,48.0
454,Aleksandra Totkova,BUL,11464,162.0,47.5,3,3,0,0,0,0,0,4,11,17,37,15,0.26666666666666666,15.833333333333334
455,Emily Herdic,USA,11827,,45.5,2,2,0,0,0,0,0,4,9,21,37,10,0.4,22.75
456,Yayoi Ogawa,JPN,5964,,45.0,1,1,0,0,0,0,0,0,0,0,0,5,0.0,45.0
457,Denise Bertram,GER,3110,,44.5,2,2,0,0,0,0,0,2,3,2,3,10,0.2,22.25
458,Elizabeth Sepulveda,PUR,12484,,43.16,9,9,0,0,0,0,0,1,7,6,36,45,0.022222222222222223,4.795555555555556
459,Aysel Sultanova,AZE,6162,,42.25,3,3,0,0,0,0,0,0,2,0,6,15,0.0,14.083333333333334
460,Eva Maria Hammelmüller,AUT,1259,167.0,42.0,3,3,0,0,0,0,0,2,11,7,21,15,0.13333333333333333,14.0
461,Yelyzaveta Lavrykova,UKR,1536,,42.0,1,1,0,0,0,0,0,0,1,0,9,5,0.0,42.0
462,Evangelina Briggs,CAN,13661,,41.5,2,2,0,0,0,0,0,4,6,8,15,10,0.4,20.75
463,Flavia Pereira Sonali,IND,2624,,41.08,2,2,0,0,0,0,0,0,0,0,0,10,0.0,20.54
464,Claudia Battaglia,ITA,4770,,41.0,3,3,0,0,0,0,0,5,11,13,21,15,0.3333333333333333,13.666666666666666
465,Kaori Eguchi,JPN,6147,,40.41,3,3,0,0,0,0,0,1,3,1,8,15,0.06666666666666667,13.469999999999999
466,Itziar Zabala Zurinaga,ESP,779,,40.33,8,8,0,0,0,0,0,6,20,15,48,40,0.15,5.04125
467,Natalia  Koroleva,RUS,5933,,40.0,1,1,0,0,0,0,0,1,1,1,1,5,0.2,40.0
468,Anna Agaponova,RUS,5934,,40.0,1,1,0,0,0,0,0,1,1,1,1,5,0.2,40.0
469,Alena Andreeva,RUS,5935,,40.0,1,1,0,0,0,0,0,1,1,1,1,5,0.2,40.0
470,Anastasiya Myrolyubova,UKR,5936,,40.0,1,1,0,0,0,0,0,1,1,1,1,5,0.2,40.0
471,Eline Nas,NED,5994,,39.5,1,1,0,0,0,0,0,2,5,5,8,5,0.4,39.5
472,Manuela Sigrist,SUI,4764,,39.5,1,1,0,0,0,0,0,3,4,3,5,5,0.6,39.5
473,Farzaneh Shahravi,IRI,3565,,39.5,1,1,0,0,0,0,0,0,1,0,4,5,0.0,39.5
474,Tiba Vroom,NED,3601,,39.33,9,9,0,0,0,0,0,3,23,10,52,45,0.06666666666666667,4.37
475,Nóra Király,HUN,2172,,39.0,11,11,0,0,0,0,0,5,25,16,75,55,0.09090909090909091,3.5454545454545454
476,Nicola Hessels,CAN,5886,,37.12,1,1,0,0,0,0,0,0,1,0,1,5,0.0,37.12
477,Daila Ojeda Sanchez,ESP,5405,,37.12,1,1,0,0,0,0,0,0,1,0,1,5,0.0,37.12
478,Smriti Singh,IND,2617,,37.0,1,1,0,0,0,0,0,0,1,0,2,5,0.0,37.0
479,Maria Belomestnova,RUS,4859,,37.0,1,1,0,0,0,0,0,0,4,0,5,5,0.0,37.0
480,Romy Fuchs,GER,2019,,36.49,5,5,0,0,0,0,0,6,17,13,36,25,0.24,7.298
481,Patrycja Chudziak,POL,2857,168.0,36.28,6,6,0,0,0,0,0,0,4,0,11,30,0.0,6.046666666666667
482,Andrea Čepcová,SVK,5977,161.0,35.83,3,3,0,0,0,0,0,1,7,2,15,15,0.06666666666666667,11.943333333333333
483,Virgita Nadya Putri,INA,3273,,35.75,4,4,0,0,0,0,0,2,11,5,41,20,0.1,8.9375
484,Malgorzata Rudzinska,POL,4932,,35.66,4,4,0,0,0,0,0,2,7,5,17,20,0.1,8.915
485,Maddy Morris,USA,1808,,35.66,2,2,0,0,0,0,0,0,2,0,5,10,0.0,17.83
486,Rahil Ramezani,IRI,3525,,35.5,2,2,0,0,0,0,0,3,6,5,14,10,0.3,17.75
487,Valiantsina Chamiakina,BLR,3441,,35.5,6,6,0,0,0,0,0,4,15,9,66,30,0.13333333333333333,5.916666666666667
488,Anna Dularidze,GEO,6313,,35.0,1,1,0,0,0,0,0,0,1,0,4,5,0.0,35.0
489,Maryam Alikhani,IRI,6312,,35.0,1,1,0,0,0,0,0,0,1,0,4,5,0.0,35.0
490,Stella Plantin,SWE,2669,,34.99,6,6,0,0,0,0,0,4,15,10,33,30,0.13333333333333333,5.831666666666667
491,Zoe Steinberg,USA,1728,,34.0,2,2,0,0,0,0,0,1,3,3,8,10,0.1,17.0
492,Genevieve Dennis,USA,2002,154.0,34.0,2,2,0,0,0,0,0,2,4,9,14,10,0.2,17.0
493,Imogen Horrocks,GBR,703,165.0,33.0,4,4,0,0,0,0,0,2,11,8,33,20,0.1,8.25
494,Nehaa Prakash,IND,2638,,33.0,1,1,0,0,0,0,0,0,1,0,3,5,0.0,33.0
495,Tsukasa Mizuguchi,JPN,6169,,33.0,1,1,0,0,0,0,0,1,3,3,19,5,0.2,33.0
496,Erina Miura,JPN,2321,,33.0,3,3,0,0,0,0,0,2,10,7,22,15,0.13333333333333333,11.0
497,Anastasiia Evgeneva,RUS,191,,32.5,4,4,0,0,0,0,0,3,10,10,18,20,0.15,8.125
498,Konul Huseynova,AZE,6161,,32.0,3,3,0,0,0,0,0,0,1,0,3,15,0.0,10.666666666666666
499,Mélissa Lacasse,CAN,6071,,31.75,1,1,0,0,0,0,0,1,1,1,1,5,0.2,31.75
500,Melissa Godowski,USA,6070,,31.75,1,1,0,0,0,0,0,1,1,1,1,5,0.2,31.75
501,Asja Gollo,ITA,891,,31.66,5,5,0,0,0,0,0,4,10,13,19,25,0.16,6.332
502,Narada Disyabut,THA,3946,,31.5,1,1,0,0,0,0,0,0,1,0,5,5,0.0,31.5
503,Charlotte Garden,GBR,7443,,31.5,1,1,0,0,0,0,0,1,2,1,4,5,0.2,31.5
504,Ebru Dilli,TUR,6314,,31.5,2,2,0,0,0,0,0,0,2,0,6,10,0.0,15.75
505,Cosima Willi,SUI,5856,,31.0,2,2,0,0,0,0,0,1,6,3,11,10,0.1,15.5
506,Ignacia Mellado Quinteros,CHI,11420,160.0,30.5,4,4,0,0,0,0,0,2,6,5,15,20,0.1,7.625
507,Marija Milosavljevic,SRB,5955,,30.5,3,3,0,0,0,0,0,2,4,5,6,15,0.13333333333333333,10.166666666666666
508,Homare Toda,JPN,2325,,30.5,2,2,0,0,0,0,0,3,8,7,17,10,0.3,15.25
509,Elena Dmitryeva         ,RUS,5937,,30.0,1,1,0,0,0,0,0,1,2,2,3,5,0.2,30.0
510,Claudia Maldonado,MEX,6188,,30.0,1,1,0,0,0,0,0,0,2,0,5,5,0.0,30.0
511,Irina Daziano,ITA,1038,,30.0,3,3,0,0,0,0,0,5,11,17,24,15,0.3333333333333333,10.0
512,Yejoo Seo,KOR,13558,160.0,29.5,4,4,0,0,0,0,0,2,9,2,39,20,0.1,7.375
513,Eleanor Howard,GBR,639,,28.5,2,2,0,0,0,0,0,0,1,0,1,10,0.0,14.25
514,Zélia Avezou,FRA,620,158.0,28.25,2,2,0,0,0,0,0,1,6,2,16,10,0.1,14.125
515,Martina Zanetti,ITA,903,,28.23,5,5,0,0,0,0,0,3,12,11,30,25,0.12,5.646
516,Klaudia Buczek,POL,2847,,28.0,3,3,0,0,0,0,0,1,4,1,16,15,0.06666666666666667,9.333333333333334
517,Ingrid Kindlihagen,NOR,3086,,27.66,5,5,0,0,0,0,0,4,11,19,42,25,0.16,5.532
518,Lucia Korcova,SVK,5976,,27.33,2,2,0,0,0,0,0,0,6,0,17,10,0.0,13.665
519,Tan Shi Hui,SGP,3647,,27.0,4,4,0,0,0,0,0,4,7,8,14,20,0.2,6.75
520,Marine Barbier,FRA,5609,,27.0,1,1,0,0,0,0,0,0,1,0,3,5,0.0,27.0
521,Prateeksha Arun,IND,2651,,27.0,1,1,0,0,0,0,0,0,1,0,7,5,0.0,27.0
522,Aliya Iskakova,KAZ,5782,,27.0,1,1,0,0,0,0,0,1,1,2,1,5,0.2,27.0
523,Katarina Fickuliakova,SVK,5842,,27.0,1,1,0,0,0,0,0,3,4,7,5,5,0.6,27.0
524,Laura Loikas,FIN,2811,,26.82,5,5,0,0,0,0,0,2,14,13,61,25,0.08,5.364
525,Lena Schrittwieser,AUT,11545,,26.5,2,2,0,0,0,0,0,1,4,4,13,10,0.1,13.25
526,Dominika Dupalova,CZE,1363,,26.5,4,4,0,0,0,0,0,2,10,6,36,20,0.1,6.625
527,Grace Crowley,AUS,11517,,26.5,4,4,0,0,0,0,0,0,4,0,17,20,0.0,6.625
528,Elisa Van Der Wel,GER,8961,,26.25,2,2,0,0,0,0,0,2,6,8,14,10,0.2,13.125
529,Flora Froese,AUS,2520,,26.0,2,2,0,0,0,0,0,2,3,2,3,10,0.2,13.0
530,Buket Akça,TUR,4066,,25.85,2,2,0,0,0,0,0,0,1,0,6,10,0.0,12.925
531,Kayla Lieuw,USA,1738,,25.5,1,1,0,0,0,0,0,1,4,1,8,5,0.2,25.5
532,Mia Bawendi,USA,1917,,25.5,1,1,0,0,0,0,0,1,4,3,12,5,0.2,25.5
533,Taylor Clarkin,USA,4835,,25.5,1,1,0,0,0,0,0,0,1,0,1,5,0.0,25.5
534,Akiko Kawabata,JPN,2374,,25.5,1,1,0,0,0,0,0,2,3,5,6,5,0.4,25.5
535,Amy Lipschultz,USA,4836,,25.5,1,1,0,0,0,0,0,0,1,0,1,5,0.0,25.5
536,Victoria Perkins,USA,1810,,25.5,1,1,0,0,0,0,0,1,3,1,5,5,0.2,25.5
537,Selena Wong,CAN,4838,,25.5,1,1,0,0,0,0,0,0,1,0,1,5,0.0,25.5
538,Bettina Aschauer,GER,6416,,25.5,1,1,0,0,0,0,0,2,3,4,8,5,0.4,25.5
539,Radka Petkova,BUL,4817,,25.0,2,2,0,0,0,0,0,0,5,0,8,10,0.0,12.5
540,Nadja Pfister,SUI,3202,,25.0,4,4,0,0,0,0,0,3,9,7,22,20,0.15,6.25
541,Linda Sjödin,SWE,2711,,24.99,6,6,0,0,0,0,0,5,16,11,51,30,0.16666666666666666,4.165
542,Lucinda Ann Stirling,AUS,2488,160.0,24.86,8,8,0,0,0,0,0,5,12,17,48,40,0.125,3.1075
543,Iyma Lamarche,CAN,6170,,24.0,1,1,0,0,0,0,0,1,2,3,7,5,0.2,24.0
544,Lucie Watillon,BEL,363,,24.0,4,4,0,0,0,0,0,4,10,13,30,20,0.2,6.0
545,Elena Brunner,AUT,4974,,24.0,1,1,0,0,0,0,0,0,1,0,8,5,0.0,24.0
546,Kseniia Melnykova,UKR,1527,,24.0,2,2,0,0,0,0,0,1,3,14,22,10,0.1,12.0
547,Juliana Price,USA,1817,,23.869999999999997,3,3,0,0,0,0,0,0,0,0,0,15,0.0,7.956666666666666
548,Alison Stewart-Patterson,CAN,1569,,23.5,4,4,0,0,0,0,0,2,11,8,27,20,0.1,5.875
549,Heloïse Doumont,BEL,328,159.0,23.16,6,6,0,0,0,0,0,3,12,10,37,30,0.1,3.86
550,Giulia Alton,ITA,6240,,23.0,2,2,0,0,0,0,0,3,6,7,17,10,0.3,11.5
551,Isabel Gifford,USA,1898,170.0,23.0,2,2,0,0,0,0,0,1,3,2,8,10,0.1,11.5
552,Sima Seferova,AZE,6254,,23.0,2,2,0,0,0,0,0,0,0,0,0,10,0.0,11.5
553,Dhanshri Lekurwala,IND,2636,,22.75,1,1,0,0,0,0,0,0,0,0,0,5,0.0,22.75
554,Mayuri Deshmukh,IND,2630,,22.75,1,1,0,0,0,0,0,0,0,0,0,5,0.0,22.75
555,Prerna Dangi,IND,2639,,22.75,1,1,0,0,0,0,0,0,0,0,0,5,0.0,22.75
556,Erin Sterkenburg,RSA,1103,163.0,22.0,2,2,0,0,0,0,0,0,4,0,14,10,0.0,11.0
557,Sarah Tetzlaff,NZL,3759,,21.75,4,4,0,0,0,0,0,0,2,0,4,20,0.0,5.4375
558,Natalie Berry,GBR,633,,21.5,2,2,0,0,0,0,0,3,6,10,18,10,0.3,10.75
559,Egle Kirdulyte,LTU,4771,,21.5,2,2,0,0,0,0,0,3,6,3,9,10,0.3,10.75
560,Karina Bilkova,CZE,1404,,21.16,6,6,0,0,0,0,0,5,14,15,33,30,0.16666666666666666,3.526666666666667
561,Beatrix Evans,CAN,1689,,21.08,3,3,0,0,0,0,0,2,7,4,16,15,0.13333333333333333,7.026666666666666
562,Miriam Putz,AUT,5852,,21.0,1,1,0,0,0,0,0,3,4,11,10,5,0.6,21.0
563,Alena Demko,BLR,4862,,21.0,1,1,0,0,0,0,0,0,0,0,0,5,0.0,21.0
564,Marie Line Madelaine,FRA,5995,,21.0,1,1,0,0,0,0,0,0,1,0,7,5,0.0,21.0
565,Frederike Fell,GER,3122,,20.83,4,4,0,0,0,0,0,2,11,5,26,20,0.1,5.2075
566,Wai-Ping Yu,HKG,2227,,20.75,6,6,0,0,0,0,0,1,7,2,31,30,0.03333333333333333,3.4583333333333335
567,Andrea Fichtner,GER,6034,,20.5,1,1,0,0,0,0,0,1,2,1,2,5,0.2,20.5
568,Saula Lerondel,FRA,601,168.0,20.0,1,1,0,0,0,0,0,1,2,3,2,5,0.2,20.0
569,Sara Copar,SLO,11546,168.0,20.0,1,1,0,0,0,0,0,1,4,5,8,5,0.2,20.0
570,Sara Morandi,ITA,4738,,20.0,1,1,0,0,0,0,0,2,4,7,9,5,0.4,20.0
571,Pleun Frank,NED,3614,,20.0,2,2,0,0,0,0,0,3,8,10,22,10,0.3,10.0
572,Piper Kelly,USA,1888,,20.0,1,1,0,0,0,0,0,1,3,10,11,5,0.2,20.0
573,Karina Miroslaw,POL,2843,,20.0,1,1,0,0,0,0,0,2,3,10,15,5,0.4,20.0
574,Yuno Harigae,JPN,2379,,20.0,1,1,0,0,0,0,0,2,3,6,8,5,0.4,20.0
575,Liv Egli,SUI,3881,164.0,20.0,1,1,0,0,0,0,0,1,5,4,13,5,0.2,20.0
576,Zoe Garcia Molina,ARG,11998,,19.5,3,3,0,0,0,0,0,1,3,6,13,15,0.06666666666666667,6.5
577,Katrin Amann,SWE,2666,,19.490000000000002,8,8,0,0,0,0,0,2,17,6,37,40,0.05,2.4362500000000002
578,Mirka Krajciova,SVK,4815,,19.16,2,2,0,0,0,0,0,0,3,0,5,10,0.0,9.58
579,Emilie Pupko,ISR,4036,,19.16,2,2,0,0,0,0,0,1,5,6,22,10,0.1,9.58
580,Eilleen Jubes Angarita,ESP,6235,,19.0,2,2,0,0,0,0,0,1,4,1,6,10,0.1,9.5
581,Mariana Mendoza Castillo,MEX,6171,,19.0,1,1,0,0,0,0,0,0,2,0,9,5,0.0,19.0
582,Yiling Song,CHN,2970,164.0,18.83,3,3,0,0,0,0,0,2,9,4,24,15,0.13333333333333333,6.276666666666666
583,Swastika Chaudhary,NEP,4182,,18.33,1,1,0,0,0,0,0,0,0,0,0,5,0.0,18.33
584,Shivani Charak,IND,2652,,18.33,1,1,0,0,0,0,0,0,0,0,0,5,0.0,18.33
585,Cathy Laflamme,CAN,6239,,18.0,2,2,0,0,0,0,0,2,6,3,10,10,0.2,9.0
586,Maria Benach Zubero,ESP,810,,17.5,2,2,0,0,0,0,0,2,5,4,27,10,0.2,8.75
587,Kajsa Rosen,SWE,2671,,17.5,3,3,0,0,0,0,0,5,10,11,24,15,0.3333333333333333,5.833333333333333
588,Daria Nesterenko,UKR,11624,,17.16,2,2,0,0,0,0,0,1,2,3,5,10,0.1,8.58
589,Kathrine Elsig Jensen,DEN,8846,,17.0,2,2,0,0,0,0,0,0,2,0,6,10,0.0,8.5
590,Arantza Fernández Gutierrez,MEX,4227,,17.0,2,2,0,0,0,0,0,1,3,3,9,10,0.1,8.5
591,Santa Grigorjeva,LAT,4152,,16.5,3,3,0,0,0,0,0,2,5,11,16,15,0.13333333333333333,5.5
592,Celina Schoibl,AUT,1269,,16.5,3,3,0,0,0,0,0,2,6,10,19,15,0.13333333333333333,5.5
593,Samantha Li,CAN,1596,,16.5,4,4,0,0,0,0,0,2,6,8,15,20,0.1,4.125
594,Katsuki Bamba,JPN,2375,,16.0,2,2,0,0,0,0,0,2,5,9,16,10,0.2,8.0
595,Edyta Ropek,POL,2834,,16.0,3,3,0,0,0,0,0,0,3,0,10,15,0.0,5.333333333333333
596,Pui-Yim Lau,HKG,2221,,16.0,2,2,0,0,0,0,0,0,2,0,5,10,0.0,8.0
597,Malin Holmberg,SWE,4765,,16.0,1,1,0,0,0,0,0,3,4,5,8,5,0.6,16.0
598,Magdalena Röck,AUT,1224,,16.0,1,1,0,0,0,0,0,3,5,12,15,5,0.6,16.0
599,Katherine Lamb,USA,1740,,16.0,1,1,0,0,0,0,0,2,4,5,10,5,0.4,16.0
600,Anastasija Teriochina,LTU,4373,,15.99,6,6,0,0,0,0,0,2,8,14,27,30,0.06666666666666667,2.665
601,Alexis Mascarenas,USA,1895,,15.33,1,1,0,0,0,0,0,2,2,7,5,5,0.4,15.33
602,Marianne Van Der  Steen,NED,4894,,15.0,1,1,0,0,0,0,0,0,2,0,2,5,0.0,15.0
603,Lena Herrmann,GER,3775,,15.0,2,2,0,0,0,0,0,0,4,0,10,10,0.0,7.5
604,Luiza Emeleva,RUS,148,,14.66,2,2,0,0,0,0,0,3,7,6,16,10,0.3,7.33
605,Adriana Vanessa Fournier Castillo,MEX,6173,,14.5,1,1,0,0,0,0,0,0,0,0,0,5,0.0,14.5
606,Mahya Darabian,IRI,3524,,14.5,2,2,0,0,0,0,0,2,6,3,23,10,0.2,7.25
607,Pia Graham,CAN,1575,,13.87,2,2,0,0,0,0,0,0,2,0,3,10,0.0,6.935
608,Lia Wieckowski,CAN,1623,,13.87,2,2,0,0,0,0,0,0,2,0,6,10,0.0,6.935
609,Federica Papetti,ITA,1023,,13.5,1,1,0,0,0,0,0,2,4,3,9,5,0.4,13.5
610,Spasina Nedyalkova,BUL,5637,,13.5,1,1,0,0,0,0,0,1,3,3,7,5,0.2,13.5
611,Alla Marenych,UKR,1493,,13.5,3,3,0,0,0,0,0,0,4,0,10,15,0.0,4.5
612,Muykuay Silva,CHI,3900,162.0,13.5,3,3,0,0,0,0,0,0,6,0,25,15,0.0,4.5
613,Wing Sze Yuen,HKG,2212,,13.5,2,2,0,0,0,0,0,0,2,0,13,10,0.0,6.75
614,Siobhan Dobie,AUS,2499,,13.0,3,3,0,0,0,0,0,0,2,0,8,15,0.0,4.333333333333333
615,Rianne Van Den Berg,NED,6077,,13.0,1,1,0,0,0,0,0,0,1,0,3,5,0.0,13.0
616,Antonia Ioana Trifu,ROU,2725,,13.0,3,3,0,0,0,0,0,1,5,1,8,15,0.06666666666666667,4.333333333333333
617,Mariana Fierro,MEX,6243,,13.0,3,3,0,0,0,0,0,0,2,0,7,15,0.0,4.333333333333333
618,Karla Fernandez Esponda,MEX,6331,,12.0,1,1,0,0,0,0,0,0,0,0,0,5,0.0,12.0
619,Sandra Hopfensitz,GER,11740,165.0,12.0,2,2,0,0,0,0,0,0,4,0,4,10,0.0,6.0
620,Luna Friedrich,GER,3891,,12.0,2,2,0,0,0,0,0,3,6,9,13,10,0.3,6.0
621,Yejin Jung,KOR,11377,,12.0,1,1,0,0,0,0,0,0,2,0,10,5,0.0,12.0
622,Ruta Kershiulyte,LTU,6233,,12.0,1,1,0,0,0,0,0,0,2,0,5,5,0.0,12.0
623,Hongchun Xiang,CHN,7164,,12.0,2,2,0,0,0,0,0,1,6,10,29,10,0.1,6.0
624,Eliska Vlckova,CZE,1377,,12.0,3,3,0,0,0,0,0,3,9,11,26,15,0.2,4.0
625,Roxy Perry,AUS,2490,,12.0,2,2,0,0,0,0,0,0,3,0,4,10,0.0,6.0
626,Ayleen Guaré,GUA,4190,,11.87,1,1,0,0,0,0,0,0,0,0,0,5,0.0,11.87
627,Helene Wolf,GER,8887,,11.5,1,1,0,0,0,0,0,1,4,2,8,5,0.2,11.5
628,Akane Kinoshita,JPN,2393,,11.5,1,1,0,0,0,0,0,1,2,3,5,5,0.2,11.5
629,Daria Malysheva,RUS,97,,11.33,2,2,0,0,0,0,0,1,4,2,4,10,0.1,5.665
630,Chisato Kanazawa,JPN,2342,,11.33,1,1,0,0,0,0,0,0,2,0,9,5,0.0,11.33
631,Lila Neahring,USA,1737,,11.33,1,1,0,0,0,0,0,1,2,1,3,5,0.2,11.33
632,Dalia Hamdy,SUI,5978,,11.0,1,1,0,0,0,0,0,0,2,0,2,5,0.0,11.0
633,Yula Gold,ISR,4038,,11.0,2,2,0,0,0,0,0,1,6,6,25,10,0.1,5.5
634,Jera Lenardic,SLO,6138,,11.0,1,1,0,0,0,0,0,0,3,0,10,5,0.0,11.0
635,Xu Liting,SGP,13504,,11.0,1,1,0,0,0,0,0,0,2,0,11,5,0.0,11.0
636,Martina Harnisch,AUT,5329,,11.0,1,1,0,0,0,0,0,2,4,4,6,5,0.4,11.0
637,Cindy Sararak,FRA,6234,,11.0,1,1,0,0,0,0,0,0,2,0,7,5,0.0,11.0
638,Paulina Kalandyk,POL,2869,,10.5,2,2,0,0,0,0,0,2,7,8,22,10,0.2,5.25
639,Minna Almqvist,SWE,7444,,10.5,1,1,0,0,0,0,0,1,2,7,8,5,0.2,10.5
640,Ashley Edens,USA,6397,,10.5,1,1,0,0,0,0,0,1,2,3,4,5,0.2,10.5
641,Szilvia Varga,HUN,4816,,10.5,1,1,0,0,0,0,0,0,2,0,3,5,0.0,10.5
642,Or Cohen,ISR,6326,,10.42,4,4,0,0,0,0,0,1,3,5,9,20,0.05,2.605
643,Isabell Adolph,GER,2016,,10.33,1,1,0,0,0,0,0,1,3,1,7,5,0.2,10.33
644,Miriam Fogu,ITA,991,171.0,10.25,2,2,0,0,0,0,0,0,7,0,20,10,0.0,5.125
645,Petya Garbova,BUL,2420,,10.0,4,4,0,0,0,0,0,2,5,5,18,20,0.1,2.5
646,Kumari Barry,AUS,6382,,10.0,1,1,0,0,0,0,0,0,1,0,2,5,0.0,10.0
647,Emilie Gerhardt,GER,3977,,10.0,2,2,0,0,0,0,0,2,7,13,29,10,0.2,5.0
648,Daniela Kotrbova,CZE,1366,,10.0,7,7,0,0,0,0,0,3,10,6,27,35,0.08571428571428572,1.4285714285714286
649,Mona Kellner,GER,6272,,10.0,2,2,0,0,0,0,0,0,3,0,12,10,0.0,5.0
650,Elfe Claes,BEL,323,,10.0,3,3,0,0,0,0,0,3,4,18,17,15,0.2,3.3333333333333335
651,Rocio Ailen Becerra,ARG,3160,157.0,10.0,2,2,0,0,0,0,0,2,3,13,20,10,0.2,5.0
652,Jihyeon Jeong,KOR,2049,,9.51,2,2,0,0,0,0,0,0,0,0,0,10,0.0,4.755
653,Elza Elizabete Baraka,LAT,4165,168.0,9.5,2,2,0,0,0,0,0,0,5,0,25,10,0.0,4.75
654,Boróka Széll,HUN,5982,,9.5,1,1,0,0,0,0,0,0,0,0,0,5,0.0,9.5
655,Agniete Seibokaite,LTU,4369,,9.06,7,7,0,0,0,0,0,2,9,5,29,35,0.05714285714285714,1.2942857142857143
656,Primula Teilmann Aalund,DEN,3856,,9.0,1,1,0,0,0,0,0,1,2,3,4,5,0.2,9.0
657,Leanna Lockhart,USA,6399,,9.0,1,1,0,0,0,0,0,1,3,4,7,5,0.2,9.0
658,Seohyun Kim,KOR,2071,,9.0,1,1,0,0,0,0,0,1,1,2,1,5,0.2,9.0
659,Anja Santini Mikulić,CRO,12507,,9.0,1,1,0,0,0,0,0,2,4,6,16,5,0.4,9.0
660,Emi Takashiba,CAN,1694,,9.0,1,1,0,0,0,0,0,0,3,0,11,5,0.0,9.0
661,Iziar Martínez Almendros,ESP,12358,,9.0,2,2,0,0,0,0,0,3,6,19,28,10,0.3,4.5
662,Linda Gundova,SVK,6157,,9.0,1,1,0,0,0,0,0,0,1,0,4,5,0.0,9.0
663,Rut Casas Mur,ESP,802,,9.0,2,2,0,0,0,0,0,0,7,0,19,10,0.0,4.5
664,Julianna Jimreivat,USA,1863,,9.0,1,1,0,0,0,0,0,1,2,2,3,5,0.2,9.0
665,Ana Belén Argudo Marugan,ESP,805,,9.0,2,2,0,0,0,0,0,1,5,4,15,10,0.1,4.5
666,Cassandra Zampar,ITA,5774,,9.0,1,1,0,0,0,0,0,2,4,5,8,5,0.4,9.0
667,Olivia Wyett,CAN,1599,,9.0,2,2,0,0,0,0,0,1,3,2,6,10,0.1,4.5
668,Salsabila Salsabila,INA,11451,,8.78,4,4,0,0,0,0,0,1,5,3,18,20,0.05,2.195
669,Lucie Delcoigne,BEL,349,,8.5,3,3,0,0,0,0,0,0,8,0,34,15,0.0,2.8333333333333335
670,Su En Neo,CAN,6383,,8.33,1,1,0,0,0,0,0,0,2,0,4,5,0.0,8.33
671,Saedasom Jung,KOR,2086,,8.0,1,1,0,0,0,0,0,0,2,0,4,5,0.0,8.0
672,Anamaria Bogaciu,ROU,5769,,8.0,1,1,0,0,0,0,0,0,2,0,5,5,0.0,8.0
673,Valeria Macias Ferreira,MEX,4221,,8.0,1,1,0,0,0,0,0,0,1,0,1,5,0.0,8.0
674,Lauren Mukheibir,RSA,13237,,8.0,1,1,0,0,0,0,0,1,1,9,6,5,0.2,8.0
675,Gunel Quliyeva,AZE,6149,,8.0,1,1,0,0,0,0,0,0,0,0,0,5,0.0,8.0
676,Hsiu-Ju Lin,TPE,2141,,8.0,3,3,0,0,0,0,0,1,5,6,21,15,0.06666666666666667,2.6666666666666665
677,Noelia Venet Gallegos,PER,11424,,8.0,1,1,0,0,0,0,0,0,2,0,14,5,0.0,8.0
678,Audrey Miller,USA,1763,,8.0,1,1,0,0,0,0,0,1,3,3,5,5,0.2,8.0
679,Junko Kitawaki,JPN,2367,,8.0,1,1,0,0,0,0,0,1,3,3,9,5,0.2,8.0
680,Jiyeon Jeon,KOR,2067,,8.0,1,1,0,0,0,0,0,0,1,0,8,5,0.0,8.0
681,Lynn Van Der Meer,NED,3594,168.0,7.66,1,1,0,0,0,0,0,0,3,0,9,5,0.0,7.66
682,Annika Pidde,GER,8702,,7.66,2,2,0,0,0,0,0,1,4,1,7,10,0.1,3.83
683,Yelena Grunyashina,KAZ,3363,,7.66,1,1,0,0,0,0,0,2,2,5,5,5,0.4,7.66
684,Satomi Tachibana,JPN,2341,,7.66,1,1,0,0,0,0,0,0,0,0,0,5,0.0,7.66
685,Sue Brumm,USA,6400,,7.57,2,2,0,0,0,0,0,0,1,0,3,10,0.0,3.785
686,Kristina Jellema,CAN,1605,,7.5,2,2,0,0,0,0,0,0,5,0,10,10,0.0,3.75
687,Maggie Hammer,USA,1951,,7.5,1,1,0,0,0,0,0,0,1,0,3,5,0.0,7.5
688,Lea Kempf,AUT,1285,,7.33,2,2,0,0,0,0,0,2,3,10,16,10,0.2,3.665
689,Anna  Kelly,USA,1957,,7.0,1,1,0,0,0,0,0,0,2,0,4,5,0.0,7.0
690,Doriane Saramandif,MRI,12906,,7.0,1,1,0,0,0,0,0,0,0,0,0,5,0.0,7.0
691,Florence Grünewald,GER,3121,,7.0,2,2,0,0,0,0,0,2,6,4,11,10,0.2,3.5
692,Jennifer Marie De La Torre ,MEX,11616,,7.0,1,1,0,0,0,0,0,0,1,0,10,5,0.0,7.0
693,Polina Kulagina,CFR,175,,7.0,1,1,0,0,0,0,0,0,4,0,26,5,0.0,7.0
694,Rut Monsech Gasca,ESP,828,,7.0,3,3,0,0,0,0,0,1,4,3,11,15,0.06666666666666667,2.3333333333333335
695,Nur Khalishah,INA,12871,,6.6,1,1,0,0,0,0,0,0,0,0,0,5,0.0,6.6
696,Dasom Yun,KOR,11805,,6.6,1,1,0,0,0,0,0,0,0,0,0,5,0.0,6.6
697,Nawoo Choi,KOR,2082,163.0,6.6,1,1,0,0,0,0,0,0,0,0,0,5,0.0,6.6
698,Jihyeon Lim,KOR,13559,,6.6,1,1,0,0,0,0,0,0,0,0,0,5,0.0,6.6
699,Asami Harada,JPN,2322,,6.5,1,1,0,0,0,0,0,0,3,0,4,5,0.0,6.5
700,Silvia Barrett,SWE,2693,,6.5,1,1,0,0,0,0,0,0,4,0,13,5,0.0,6.5
701,Eliska Bulenova,CZE,1439,,6.5,1,1,0,0,0,0,0,1,2,1,3,5,0.2,6.5
702,Olga Kushch,RUS,127,,6.5,2,2,0,0,0,0,0,1,6,3,21,10,0.1,3.25
703,Catherine Brunel-Guitton,CAN,6384,,6.5,1,1,0,0,0,0,0,0,1,0,5,5,0.0,6.5
704,María Fernanda González Rámirez,MEX,4215,,6.5,1,1,0,0,0,0,0,0,1,0,3,5,0.0,6.5
705,Karin Kojima ,JPN,2330,,6.5,1,1,0,0,0,0,0,0,2,0,6,5,0.0,6.5
706,Lilly Magditsch,AUS,2539,,6.33,1,1,0,0,0,0,0,0,0,0,0,5,0.0,6.33
707,Sofia Alejandra Herrera Vega Centeno,PER,11650,,6.33,1,1,0,0,0,0,0,0,0,0,0,5,0.0,6.33
708,Hoi-Ying To,HKG,2220,,6.28,2,2,0,0,0,0,0,0,0,0,0,10,0.0,3.14
709,Michelle Hulliger,SUI,4301,157.0,6.25,1,1,0,0,0,0,0,0,3,0,5,5,0.0,6.25
710,Barbara Wójcik,POL,12649,,6.0,1,1,0,0,0,0,0,2,3,6,6,5,0.4,6.0
711,Sophie Rauberger,GER,6371,,6.0,1,1,0,0,0,0,0,1,3,5,9,5,0.2,6.0
712,Anna Davey,AUS,11459,,6.0,3,3,0,0,0,0,0,2,3,13,17,15,0.13333333333333333,2.0
713,Luana Riscado,BRA,3137,,6.0,2,2,0,0,0,0,0,1,2,2,3,10,0.1,3.0
714,Celine Cuypers,BEL,321,,6.0,2,2,0,0,0,0,0,1,6,2,11,10,0.1,3.0
715,Yuliya Keremedchieva,BUL,2424,,6.0,2,2,0,0,0,0,0,1,4,3,12,10,0.1,3.0
716,Aliaksandra Misiukevich,BLR,3437,,5.94,5,5,0,0,0,0,0,1,8,2,39,25,0.04,1.1880000000000002
717,Gabby  Lampner,USA,1956,,5.66,1,1,0,0,0,0,0,0,1,0,5,5,0.0,5.66
718,Nurul Iqamah,INA,3290,,5.66,4,4,0,0,0,0,0,0,5,0,19,20,0.0,1.415
719,Ashley Veevers,CAN,6386,,5.66,1,1,0,0,0,0,0,0,1,0,6,5,0.0,5.66
720,Adriana Márquez,GUA,6460,,5.66,1,1,0,0,0,0,0,0,0,0,0,5,0.0,5.66
721,Veronique Gosselin,CAN,6385,,5.66,1,1,0,0,0,0,0,0,0,0,0,5,0.0,5.66
722,Anastasia Kobets,UKR,12562,153.0,5.5,2,2,0,0,0,0,0,1,6,6,23,10,0.1,2.75
723,Volha Rak,BLR,3434,,5.5,3,3,0,0,0,0,0,0,3,0,3,15,0.0,1.8333333333333333
724,Esti Tweg,CAN,6387,,5.0,1,1,0,0,0,0,0,0,0,0,0,5,0.0,5.0
725,María Fernanda Hidalgo Amezquita,MEX,4220,,5.0,1,1,0,0,0,0,0,0,0,0,0,5,0.0,5.0
726,Janka Meyer,GER,2796,,5.0,2,2,0,0,0,0,0,1,5,1,13,10,0.1,2.5
727,Yuki Hiroshige,JPN,2270,,5.0,1,1,0,0,0,0,0,0,2,0,7,5,0.0,5.0
728,Arta Matelsone,LAT,12296,,5.0,2,2,0,0,0,0,0,1,3,4,20,10,0.1,2.5
729,Lisa Klem,NED,3622,,5.0,1,1,0,0,0,0,0,0,2,0,2,5,0.0,5.0
730,Joanne Brinkmann,SUI,4290,,5.0,1,1,0,0,0,0,0,0,3,0,4,5,0.0,5.0
731,Marcela Avellaneda,COL,7434,,4.75,1,1,0,0,0,0,0,0,1,0,1,5,0.0,4.75
732,Barbara Gilic,CRO,7433,,4.75,1,1,0,0,0,0,0,1,2,2,2,5,0.2,4.75
733,Mila Gordeeva,BUL,5767,,4.75,1,1,0,0,0,0,0,0,1,0,1,5,0.0,4.75
734,Amanda Meijering,NED,3604,,4.5,1,1,0,0,0,0,0,2,3,2,7,5,0.4,4.5
735,Alessia Mabboni,ITA,11466,152.0,4.5,1,1,0,0,0,0,0,0,3,0,13,5,0.0,4.5
736,Regine Storå,NOR,11479,,4.25,3,3,0,0,0,0,0,0,2,0,6,15,0.0,1.4166666666666667
737,Francesca Matuella,ITA,12523,,4.0,1,1,0,0,0,0,0,0,3,0,5,5,0.0,4.0
738,Julia Meijer,NED,3592,,4.0,3,3,0,0,0,0,0,0,9,0,20,15,0.0,1.3333333333333333
739,Sviatlana Fedarkevich,BLR,7435,,4.0,1,1,0,0,0,0,0,0,1,0,1,5,0.0,4.0
740,Debbie Zi Jing Tan ,SGP,3658,,4.0,1,1,0,0,0,0,0,0,1,0,2,5,0.0,4.0
741,Ana-Maria Zaharia ,ROU,2731,,4.0,4,4,0,0,0,0,0,0,9,0,21,20,0.0,1.0
742,Olena Shurubor,UKR,6015,,4.0,1,1,0,0,0,0,0,0,1,0,1,5,0.0,4.0
743,Noemi Langenkamp,SUI,6417,,3.5,1,1,0,0,0,0,0,0,2,0,2,5,0.0,3.5
744,Olga Niemiec,POL,2841,,3.5,1,1,0,0,0,0,0,1,4,7,14,5,0.2,3.5
745,Aleksandra Miroslaw,POL,2848,162.0,3.46,3,3,0,0,0,0,0,0,1,0,4,15,0.0,1.1533333333333333
746,Fatma Basoglu Kabran,TUR,4077,,3.33,3,3,0,0,0,0,0,0,3,0,6,15,0.0,1.11
747,Mariia Musienko,RUS,115,,3.33,1,1,0,0,0,0,0,0,3,0,6,5,0.0,3.33
748,Sarah Hay,NZL,3766,,3.25,1,1,0,0,0,0,0,0,0,0,0,5,0.0,3.25
749,Justine Mccarney,CAN,1615,,3.25,1,1,0,0,0,0,0,0,1,0,4,5,0.0,3.25
750,Emma Stöver Wollebaek,NOR,3091,,3.25,1,1,0,0,0,0,0,0,1,0,1,5,0.0,3.25
751,Tove Wåhlin,SWE,2672,,3.16,3,3,0,0,0,0,0,0,5,0,13,15,0.0,1.0533333333333335
752,Kseniia Zakharova,UKR,12563,162.0,3.0,1,1,0,0,0,0,0,0,3,0,8,5,0.0,3.0
753,Anja Köhler ,SUI,3204,,3.0,1,1,0,0,0,0,0,0,3,0,7,5,0.0,3.0
754,Amour Paz,ISR,3981,,3.0,2,2,0,0,0,0,0,1,4,8,10,10,0.1,1.5
755,Tseng-Shun Wong,HKG,2229,,3.0,3,3,0,0,0,0,0,0,4,0,24,15,0.0,1.0
756,Sanja-Riia Collin,FIN,2818,,3.0,3,3,0,0,0,0,0,0,4,0,17,15,0.0,1.0
757,Zhuoying Chen,CHN,2945,,3.0,2,2,0,0,0,0,0,0,4,0,20,10,0.0,1.5
758,Beatrice Colli,ITA,1024,171.0,3.0,1,1,0,0,0,0,0,0,3,0,5,5,0.0,3.0
759,Reyhan Mammadova ,AZE,6255,,3.0,1,1,0,0,0,0,0,0,0,0,0,5,0.0,3.0
760,Monika Prokopiuk-Kawecka,POL,2842,,3.0,1,1,0,0,0,0,0,1,4,8,15,5,0.2,3.0
761,Patrícia Antunes,BRA,3152,,2.9,2,2,0,0,0,0,0,1,1,1,1,10,0.1,1.45
762,Iuliia Kaplina,RUS,110,,2.66,2,2,0,0,0,0,0,1,1,6,6,10,0.1,1.33
763,Camila Macedo,BRA,3142,,2.0,1,1,0,0,0,0,0,0,3,0,20,5,0.0,2.0
764,Lucile Saurel,FRA,522,,2.0,1,1,0,0,0,0,0,0,3,0,9,5,0.0,2.0
765,Milda Koreivaite,LTU,4368,,2.0,1,1,0,0,0,0,0,0,1,0,3,5,0.0,2.0
766,Mia Weeda,AUS,11824,,2.0,2,2,0,0,0,0,0,0,2,0,18,10,0.0,1.0
767,Miriam Diez Luengo,ESP,13412,,2.0,1,1,0,0,0,0,0,0,1,0,1,5,0.0,2.0
768,Yael Baharad,ISR,4005,,2.0,1,1,0,0,0,0,0,0,4,0,15,5,0.0,2.0
769,Zoé Egli,SUI,3880,164.0,2.0,3,3,0,0,0,0,0,0,8,0,26,15,0.0,0.6666666666666666
770,Riley Galloway,CAN,1651,,2.0,1,1,0,0,0,0,0,0,1,0,7,5,0.0,2.0
771,Tereza Siruckova,CZE,1447,,2.0,1,1,0,0,0,0,0,1,2,4,6,5,0.2,2.0
772,Inga Patarcic,CRO,6418,,2.0,1,1,0,0,0,0,0,0,1,0,3,5,0.0,2.0
773,Anna Maria Apel,GER,12336,,2.0,1,1,0,0,0,0,0,0,2,0,6,5,0.0,2.0
774,Enache Catrinel,ROU,7446,,1.85,1,1,0,0,0,0,0,0,0,0,0,5,0.0,1.85
775,Margarita Marsanova,USA,6358,,1.85,1,1,0,0,0,0,0,0,0,0,0,5,0.0,1.85
776,Catalina Achury,COL,7445,,1.85,1,1,0,0,0,0,0,0,0,0,0,5,0.0,1.85
777,Nataliia Stepanova,RUS,77,,1.66,1,1,0,0,0,0,0,0,3,0,6,5,0.0,1.66
778,Lujza Michalková,SVK,12352,,1.66,1,1,0,0,0,0,0,0,2,0,2,5,0.0,1.66
779,Mª Carmen Alarcón Grau,ESP,835,,1.5,2,2,0,0,0,0,0,1,2,1,8,10,0.1,0.75
780,Gülay Balik,TUR,4090,,1.4,1,1,0,0,0,0,0,0,0,0,0,5,0.0,1.4
781,Maryia Vernikouskaya,BLR,3454,,1.4,1,1,0,0,0,0,0,0,0,0,0,5,0.0,1.4
782,Tetiana Kolkotina,UKR,1517,165.0,1.4,1,1,0,0,0,0,0,0,0,0,0,5,0.0,1.4
783,Assel Marlenova,KAZ,3364,,1.4,2,2,0,0,0,0,0,0,2,0,21,10,0.0,0.7
784,Peiyang Tian,CHN,2963,,1.28,1,1,0,0,0,0,0,0,0,0,0,5,0.0,1.28
785,Johanna Sörbom,SWE,8577,,1.16,1,1,0,0,0,0,0,0,0,0,0,5,0.0,1.16
786,Nikoline Öhrström,DEN,12802,,1.16,1,1,0,0,0,0,0,0,0,0,0,5,0.0,1.16
787,Edel Lemvik,NOR,3099,,1.16,1,1,0,0,0,0,0,0,0,0,0,5,0.0,1.16
788,Roosa Huhtikorpi,FIN,7869,,1.16,1,1,0,0,0,0,0,0,2,0,7,5,0.0,1.16
789,Evdoxia - Aikaterini Kallia,GRE,4121,163.0,1.16,2,2,0,0,0,0,0,0,1,0,8,10,0.0,0.58
790,Aries Susanti Rahayu,INA,3337,,1.05,4,4,0,0,0,0,0,0,0,0,0,20,0.0,0.2625
791,Choirul Umi C,INA,3328,,1.05,4,4,0,0,0,0,0,0,5,0,16,20,0.0,0.2625
792,Myrto Petalidou,GRE,8565,,1.0,1,1,0,0,0,0,0,0,1,0,2,5,0.0,1.0
793,Cirvele Katrīna,LAT,4159,,1.0,4,4,0,0,0,0,0,1,3,3,8,20,0.05,0.25
794,Maja Petrovska,MKD,7449,,1.0,1,1,0,0,0,0,0,0,0,0,0,5,0.0,1.0
795,Rugile Tamosiunaite,LTU,4375,,1.0,2,2,0,0,0,0,0,0,1,0,4,10,0.0,0.5
796,Ana Patino,COL,7448,,1.0,1,1,0,0,0,0,0,0,0,0,0,5,0.0,1.0
797,Flor De Luna Pazan,COL,7447,,1.0,1,1,0,0,0,0,0,0,1,0,8,5,0.0,1.0
798,Veronika Simkova,CZE,1382,,1.0,1,1,0,0,0,0,0,0,2,0,5,5,0.0,1.0
799,Wai-Mui Ling,HKG,2235,,1.0,2,2,0,0,0,0,0,0,2,0,8,10,0.0,0.5
800,Phoebe Kenderdine,NZL,11779,,1.0,2,2,0,0,0,0,0,0,1,0,2,10,0.0,0.5
801,Beatriz Coimbra,POR,3785,,1.0,3,3,0,0,0,0,0,0,2,0,4,15,0.0,0.3333333333333333
802,Crina Ochenatu,ROU,2722,,1.0,2,2,0,0,0,0,0,0,4,0,7,10,0.0,0.5
803,Olga Fedyuk,POR,3790,,1.0,2,2,0,0,0,0,0,0,3,0,17,10,0.0,0.5
804,Rachelle De Charmoy,RSA,11526,,1.0,1,1,0,0,0,0,0,0,2,0,17,5,0.0,1.0
805,Eni Malenica,CRO,12688,,1.0,1,1,0,0,0,0,0,0,1,0,6,5,0.0,1.0
806,Hannah Hermann,SUI,2792,,1.0,1,1,0,0,0,0,0,0,1,0,3,5,0.0,1.0
807,Duru Güneş Yalcin,TUR,4087,,0.75,1,1,0,0,0,0,0,0,0,0,0,5,0.0,0.75
808,Carmen Contreras,CHI,3912,,0.75,1,1,0,0,0,0,0,0,0,0,0,5,0.0,0.75
809,Margarita Agambayeva,KAZ,3374,,0.75,2,2,0,0,0,0,0,0,0,0,0,10,0.0,0.375
810,Camila Flores,BRA,13105,,0.75,1,1,0,0,0,0,0,0,0,0,0,5,0.0,0.75
811,Kseniya Kopusava,BLR,3444,,0.66,1,1,0,0,0,0,0,0,2,0,9,5,0.0,0.66
812,Maria Del Carmen  Martinez ,MEX,6419,,0.57,1,1,0,0,0,0,0,0,0,0,0,5,0.0,0.57
813,Lara Özak,TUR,4072,,0.57,3,3,0,0,0,0,0,0,2,0,6,15,0.0,0.18999999999999997
814,Lana Skusek,SLO,1155,162.0,0.5,1,1,0,0,0,0,0,0,2,0,4,5,0.0,0.5
815,Iroda Rapikova,UZB,4057,,0.33,1,1,0,0,0,0,0,0,0,0,0,5,0.0,0.33
816,Ayşe Narmanli,TUR,4071,,0.33,2,2,0,0,0,0,0,0,0,0,0,10,0.0,0.165
817,Sevda Geyik,TUR,4065,,0.33,3,3,0,0,0,0,0,0,2,0,6,15,0.0,0.11
818,Amanda Speed,NZL,4997,,0.25,1,1,0,0,0,0,0,0,0,0,0,5,0.0,0.25
819,Panka Farkas,HUN,2183,,0.0,1,1,0,0,0,0,0,0,0,0,0,5,0.0,0.0
820,Sandra Jonsson,SWE,2706,,0.0,1,1,0,0,0,0,0,1,1,2,2,5,0.2,0.0
821,Victoria Gimenez,ARG,3164,,0.0,1,1,0,0,0,0,0,0,0,0,0,5,0.0,0.0
822,Patricia Medina,POR,3788,,0.0,1,1,0,0,0,0,0,0,0,0,0,5,0.0,0.0
823,Elena Veretennikova,BLR,11455,,0.0,1,1,0,0,0,0,0,0,1,0,3,5,0.0,0.0
824,Sara Engqvist,SWE,2665,,0.0,1,1,0,0,0,0,0,0,2,0,2,5,0.0,0.0
825,Alexandra Kateri,GRE,13721,157.0,0.0,1,1,0,0,0,0,0,0,0,0,0,5,0.0,0.0
826,Begüm Kazazi̇,TUR,4080,,0.0,1,1,0,0,0,0,0,1,1,3,1,5,0.2,0.0
827,Leah Jeffries,AUS,2526,,0.0,1,1,0,0,0,0,0,0,2,0,6,5,0.0,0.0
828,Ivanova Inta,LAT,4162,,0.0,2,2,0,0,0,0,0,0,2,0,13,10,0.0,0.0
829,Tuuli Lappalainen,FIN,13762,,0.0,1,1,0,0,0,0,0,0,0,0,0,5,0.0,0.0
830,Maja Jonjic Arnautovic,ESP,836,,0.0,1,1,0,0,0,0,0,0,1,0,4,5,0.0,0.0
831,Marie Colot,BEL,346,,0.0,2,2,0,0,0,0,0,0,1,0,4,10,0.0,0.0
832,Anne Ackre,NOR,13272,,0.0,1,1,0,0,0,0,0,0,1,0,11,5,0.0,0.0
833,Katsiaryna Pahuda,BLR,3438,,0.0,1,1,0,0,0,0,0,0,2,0,9,5,0.0,0.0
834,Saskia Thomas,RSA,1093,,0.0,1,1,0,0,0,0,0,0,0,0,0,5,0.0,0.0
835,Valeriia Deriabina,RUS,131,,0.0,1,1,0,0,0,0,0,0,1,0,4,5,0.0,0.0
836,Hadis Nazarirobati,IRI,3482,,0.0,1,1,0,0,0,0,0,0,0,0,0,5,0.0,0.0
837,Judit Nagy ,ROU,2733,,0.0,1,1,0,0,0,0,0,0,0,0,0,5,0.0,0.0
838,Ruxandra-Georgeta Barbulescu,ROU,2735,,0.0,1,1,0,0,0,0,0,0,0,0,0,5,0.0,0.0
839,Bahareh Badrabadi,IRI,3479,,0.0,1,1,0,0,0,0,0,0,0,0,0,5,0.0,0.0
840,Lotina Diana,LAT,4153,,0.0,2,2,0,0,0,0,0,0,3,0,7,10,0.0,0.0
841,Nea Herforth Baehr,DEN,3858,,0.0,1,1,0,0,0,0,0,0,2,0,9,5,0.0,0.0
842,Valeriia Koryttseva,UKR,12821,,0.0,1,1,0,0,0,0,0,0,0,0,0,5,0.0,0.0
843,Daria Titkina,BLR,3439,,0.0,1,1,0,0,0,0,0,0,3,0,23,5,0.0,0.0
844,Ysa Rakestraw,NED,3595,,0.0,1,1,0,0,0,0,0,0,3,0,6,5,0.0,0.0
845,Ka-Yan Wong ,HKG,2213,,0.0,1,1,0,0,0,0,0,0,2,0,3,5,0.0,0.0
846,Bianka Janecka,POL,2908,,0.0,1,1,0,0,0,0,0,0,1,0,2,5,0.0,0.0
847,Katarína Pivoňková,SVK,2783,,0.0,1,1,0,0,0,0,0,0,1,0,3,5,0.0,0.0
848,Anna Krajushkina,EST,4435,,0.0,2,2,0,0,0,0,0,0,0,0,0,10,0.0,0.0
849,Ariane Janata-Burns,RSA,13780,172.0,0.0,1,1,0,0,0,0,0,0,0,0,0,5,0.0,0.0
850,Yasmin Herrera,GUA,11519,,0.0,1,1,0,0,0,0,0,0,0,0,0,5,0.0,0.0
851,Lurdes Gadala-Maria,GUA,11521,,0.0,1,1,0,0,0,0,0,0,0,0,0,5,0.0,0.0
852,Lisa Hardiquest,BEL,361,,0.0,1,1,0,0,0,0,0,0,0,0,0,5,0.0,0.0
853,Shifra Ben Avraham,ISR,11523,,0.0,1,1,0,0,0,0,0,0,0,0,0,5,0.0,0.0
854,Rhoslyn Frugtniet,GBR,640,,0.0,1,1,0,0,0,0,0,0,3,0,5,5,0.0,0.0
855,Doriane Mary Saramandif,MRI,12906,,0.0,2,2,0,0,0,0,0,0,0,0,0,10,0.0,0.0
856,Bianca Magalhaes De Castro ,BRA,11614,,0.0,1,1,0,0,0,0,0,0,0,0,0,5,0.0,0.0
857,Suet-Ying Lam,HKG,2232,,0.0,1,1,0,0,0,0,0,0,0,0,0,5,0.0,0.0
858,Hannah Sealy-Fisher,RSA,1070,,0.0,2,2,0,0,0,0,0,0,1,0,11,10,0.0,0.0
